Ensembl_gene_ID	HGNC_symbol
YDL243C	AAD4
YDR387C	CIN10
YDR438W	THI74
YDR523C	SPS1
YDR542W	PAU10
YDR492W	IZH1
YDL189W	RBS1
YDR508C	GNP1
YDR462W	MRPL28
YDR175C	RSM24
YDR186C	SND1
YDR150W	NUM1
YDR243C	PRP28
YDL182W	LYS20
YDR362C	TFC6
YDR232W	HEM1
YDR158W	HOM2
YDR439W	LRS4
YDR125C	ECM18
YDR533C	HSP31
YDR272W	GLO2
YDR197W	CBS2
YDR512C	EMI1
YDR489W	SLD5
YDR299W	BFR2
YDL015C	TSC13
YDR304C	CPR5
YDL181W	INH1
YDR367W	KEI1
YDR085C	AFR1
YDL097C	RPN6
YDL139C	SCM3
YDR200C	VPS64
YDR191W	HST4
YDR451C	YHP1
YDR469W	SDC1
YDR470C	UGO1
YDR105C	TMS1
YDR483W	KRE2
YDL123W	SNA4
YDR505C	PSP1
YDL045W-A	MRP10
YDL045C	FAD1
YDR361C	BCP1
YDR266C	HEL2
YDR002W	YRB1
YDR214W	AHA1
YDR130C	FIN1
YDR358W	GGA1
YDR460W	TFB3
YDL028C	MPS1
YDR060W	MAK21
YDR363W	ESC2
YDR422C	SIP1
YDR119W	VBA4
YDR097C	MSH6
YDL160C	DHH1
YDR425W	SNX41
YDR228C	PCF11
YDR471W	RPL27B
YDR089W	VTC5
YDR275W	BSC2
YDR043C	NRG1
YDR129C	SAC6
YDR136C	VPS61
YDL066W	IDP1
YDR302W	GPI11
YDR539W	FDC1
YDL125C	HNT1
YDR493W	MZM1
YDR101C	ARX1
YDR212W	TCP1
YDL131W	LYS21
YDR458C	HEH2
YDR081C	PDC2
YDR113C	PDS1
YDR168W	CDC37
YDR520C	URC2
YDR307W	PMT7
YDR265W	PEX10
YDL076C	RXT3
YDL006W	PTC1
YDR238C	SEC26
YDR077W	SED1
YDL083C	RPS16B
YDR036C	EHD3
YDR057W	YOS9
YDR513W	GRX2
YDR487C	RIB3
YDR066C	RTR2
YDR352W	YPQ2
YDR079C-A	TFB5
YDR204W	COQ4
YDL024C	DIA3
YDR466W	PKH3
YDR427W	RPN9
YDL044C	MTF2
YDL079C	MRK1
YDR305C	HNT2
YDR377W	ATP17
YDR219C	MFB1
YDR416W	SYF1
YDR365C	ESF1
YDL233W	MFG1
YDR287W	INM2
YDR448W	ADA2
YDR180W	SCC2
YDR294C	DPL1
YDR198C	RKM2
YDL119C	HEM25
YDR501W	PLM2
YDL214C	PRR2
YDR264C	AKR1
YDR343C	HXT6
YDR373W	FRQ1
YDR354W	TRP4
YDR246W	TRS23
YDR428C	BNA7
YDR316W	OMS1
YDL142C	CRD1
YDR253C	MET32
YDL112W	TRM3
YDR545W	YRF1-1
YDL138W	RGT2
YDR528W	HLR1
YDR284C	DPP1
YDR050C	TPI1
YDL010W	GRX6
YDL065C	PEX19
YDR349C	YPS7
YDL098C	SNU23
YDL234C	GYP7
YDR118W	APC4
YDR159W	SAC3
YDR111C	ALT2
YDR128W	MTC5
YDR065W	RRG1
YDL004W	ATP16
YDR024W	FYV1
YDL171C	GLT1
YDR083W	RRP8
YDR457W	TOM1
YDR014W	RAD61
YDR206W	EBS1
YDR478W	SNM1
YDR169C	STB3
YDR115W	MRX14
YDL232W	OST4
YDR432W	NPL3
YDR410C	STE14
YDL072C	YET3
YDR482C	CWC21
YDL070W	BDF2
YDR064W	RPS13
YDL135C	RDI1
YDL077C	VAM6
YDL033C	SLM3
YDL031W	DBP10
YDR398W	UTP5
YDR326C	YSP2
YDL052C	SLC1
YDR536W	STL1
YDR397C	NCB2
YDL116W	NUP84
YDR028C	REG1
YDL007W	RPT2
YDR236C	FMN1
YDR011W	SNQ2
YDR155C	CPR1
YDR414C	ERD1
YDR026C	NSI1
YDL073W	AHK1
tY(GUA)D	SUP2
YDL115C	IWR1
YDL145C	COP1
YDL104C	QRI7
YDL149W	ATG9
YDR231C	COX20
YDR045C	RPC11
YDL075W	RPL31A
YDR339C	FCF1
YDL213C	NOP6
YDR096W	GIS1
YDL019C	OSH2
YDL022W	GPD1
YDR091C	RLI1
YDR240C	SNU56
YDL244W	THI13
YDR179C	CSN9
YDL165W	CDC36
YDL140C	RPO21
YDR120C	TRM1
YDR003W	RCR2
YDR499W	LCD1
YDR166C	SEC5
YDL092W	SRP14
YDL082W	RPL13A
YDR277C	MTH1
YDR291W	HRQ1
YDR475C	JIP4
YDR244W	PEX5
YDR407C	TRS120
YDR382W	RPP2B
YDL188C	PPH22
YDR405W	MRP20
YDR443C	SSN2
YDR059C	UBC5
YDR144C	MKC7
YDL058W	USO1
YDL096C	OPI6
YDL155W	CLB3
YDR147W	EKI1
YDL191W	RPL35A
YDL128W	VCX1
YDR310C	SUM1
YDL160C-A	MHF2
YDR127W	ARO1
YDR497C	ITR1
YDR201W	SPC19
YDR163W	CWC15
YDL146W	LDB17
YDR363W-A	SEM1
YDL089W	NUR1
YDR385W	EFT2
YDR331W	GPI8
YDR196C	CAB5
YDR116C	MRPL1
YDR001C	NTH1
YDL230W	PTP1
YDR160W	SSY1
YDR123C	INO2
YDR322W	MRPL35
YDR040C	ENA1
YDR025W	RPS11A
YDR046C	BAP3
YDL248W	COS7
YDR485C	VPS72
YDR408C	ADE8
YDR038C	ENA5
YDL204W	RTN2
YDR019C	GCV1
YDR477W	SNF1
YDR254W	CHL4
YDR296W	MHR1
YDL216C	RRI1
YDL100C	GET3
YDL227C	HO
YDL111C	RRP42
YDR324C	UTP4
YDL170W	UGA3
YDR317W	HIM1
YDR436W	PPZ2
YDR208W	MSS4
YDR386W	MUS81
YDR504C	SPG3
YDL220C	CDC13
YDR258C	HSP78
YDR176W	NGG1
YDL099W	BUG1
YDR380W	ARO10
YDL110C	TMA17
YDR148C	KGD2
YDL201W	TRM8
YDL107W	MSS2
YDR515W	SLF1
YDR378C	LSM6
YDR473C	PRP3
YDR403W	DIT1
YDR268W	MSW1
YDR409W	SIZ1
YDR173C	ARG82
YDR389W	SAC7
YDR165W	TRM82
YDL113C	ATG20
YDR086C	SSS1
YDL021W	GPM2
YDR023W	SES1
YDR394W	RPT3
YDR320C-A	DAD4
YDR183W	PLP1
YDR245W	MNN10
YDL154W	MSH5
YDL184C	RPL41A
YDR153C	ENT5
YDR014W-A	HED1
YDR434W	GPI17
YDL002C	NHP10
YDR225W	HTA1
YDR418W	RPL12B
YDR224C	HTB1
YDR502C	SAM2
YDR447C	RPS17B
YDL039C	PRM7
YDL225W	SHS1
YDR259C	YAP6
YDR495C	VPS3
YDL151C	BUD30
YDR357C	CNL1
YDR370C	DXO1
YDR298C	ATP5
YDR276C	PMP3
tM(CAU)D	EMT1
YDL247W	MPH2
YDR406W	PDR15
YDR273W	DON1
YDR453C	TSA2
YDR383C	NKP1
YDR375C	BCS1
YDL161W	ENT1
YDL051W	LHP1
YDR084C	TVP23
YDL056W	MBP1
YDR320C	SWA2
YDR221W	GTB1
YDR456W	NHX1
YDL036C	PUS9
YDL217C	TIM22
YDR334W	SWR1
YDL049C	KNH1
YDL164C	CDC9
YDR384C	ATO3
YDR093W	DNF2
YDR071C	PAA1
YDL143W	CCT4
YDR032C	PST2
YDR063W	AIM7
YDL166C	FAP7
YDR004W	RAD57
YDR151C	CTH1
YDR037W	KRS1
YDL175C	AIR2
YDR172W	SUP35
YDL174C	DLD1
YDR080W	VPS41
YDR503C	LPP1
YDR069C	DOA4
YDR047W	HEM12
YDR267C	CIA1
YDR142C	PEX7
YDL212W	SHR3
YDL209C	CWC2
YDR044W	HEM13
YDR311W	TFB1
YDR207C	UME6
YDL005C	MED2
YDR295C	HDA2
YDL208W	NHP2
YDR135C	YCF1
YDR247W	VHS1
YDL197C	ASF2
YDR229W	IVY1
YDR027C	VPS54
YDL106C	PHO2
YDR404C	RPB7
YDR256C	CTA1
YDR518W	EUG1
YDR055W	PST1
YDL087C	LUC7
YDR177W	UBC1
YDL014W	NOP1
YDR289C	RTT103
YDL159W	STE7
YDR532C	KRE28
YDR137W	RGP1
YDL153C	SAS10
YDR393W	SHE9
YDR506C	GMC1
YDL219W	DTD1
YDL090C	RAM1
YDR033W	MRH1
YDR035W	ARO3
YDR332W	IRC3
YDR510W	SMT3
YDL055C	PSA1
YDR480W	DIG2
YDL103C	QRI1
YDR350C	ATP22
YDR342C	HXT7
YDR087C	RRP1
YDL236W	PHO13
YDR012W	RPL4B
YDR525W-A	SNA2
YDL190C	UFD2
YDL047W	SIT4
YDR099W	BMH2
YDR092W	UBC13
YDR164C	SEC1
YDR058C	TGL2
YDL020C	RPN4
YDL025C	RTK1
YDR374C	PHO92
YDL207W	GLE1
YDR270W	CCC2
YDR152W	GIR2
YDL148C	NOP14
YDR379C-A	SDH6
YDR218C	SPR28
YDL018C	ERP3
YDR507C	GIN4
YDL003W	MCD1
YDR371W	CTS2
YDR359C	EAF1
YDL133W	SRF1
YDR335W	MSN5
YDR351W	SBE2
YDL150W	RPC53
YDR171W	HSP42
YDR364C	CDC40
YDR309C	GIC2
YDL239C	ADY3
YDL156W	CMR1
YDL085W	NDE2
YDR300C	PRO1
YDL168W	SFA1
YDR360W	OPI7
YDR195W	REF2
YDR321W	ASP1
YDR237W	MRPL7
YDL127W	PCL2
YDR107C	TMN2
YDR472W	TRS31
YDL030W	PRP9
YDR468C	TLG1
YDL084W	SUB2
YDL203C	ACK1
YDR285W	ZIP1
YDL229W	SSB1
YDR329C	PEX3
YDR034C	LYS14
YDR009W	GAL3
YDR488C	PAC11
YDR103W	STE5
YDR336W	MRX8
YDL101C	DUN1
YDR162C	NBP2
YDR312W	SSF2
YDL061C	RPS29B
YDL040C	NAT1
YDR145W	TAF12
YDL231C	BRE4
YDR190C	RVB1
YDL064W	UBC9
YDR463W	STP1
YDR449C	UTP6
YDL035C	GPR1
YDR074W	TPS2
YDR525W	API2
YDR257C	RKM4
YDR402C	DIT2
YDR450W	RPS18A
YDR376W	ARH1
YDR161W	ACL4
YDR189W	SLY1
YDR524C	AGE1
YDL237W	AIM6
YDR188W	CCT6
YDL133C-A	RPL41B
YDR531W	CAB1
YDR226W	ADK1
YDL054C	MCH1
YDL205C	HEM3
YDR496C	PUF6
YDR313C	PIB1
YDL108W	KIN28
YDL147W	RPN5
YDL081C	RPP1A
YDR283C	GCN2
YDR261C	EXG2
YDL074C	BRE1
YDL091C	UBX3
YDR346C	SVF1
YDR072C	IPT1
YDR242W	AMD2
YDR323C	PEP7
YDR486C	VPS60
YDR420W	HKR1
YDL122W	UBP1
YDR390C	UBA2
YDR481C	PHO8
YDR318W	MCM21
YDL105W	NSE4
YDL141W	BPL1
YDR400W	URH1
YDR522C	SPS2
YDL173W	PAR32
YDR279W	RNH202
YDR281C	PHM6
YDR213W	UPC2
YDR179W-A	NVJ3
YDR330W	UBX5
YDR106W	ARP10
YDL178W	DLD2
YDR484W	VPS52
YDR308C	SRB7
YDL192W	ARF1
YDL202W	MRPL11
YDR146C	SWI5
YDR241W	BUD26
YDL185W	VMA1
YDR251W	PAM1
YDR192C	NUP42
YDR368W	YPR1
YDR494W	RSM28
YDR399W	HPT1
YDR070C	FMP16
YDR138W	HPR1
YDR031W	MIX14
YDR255C	RMD5
YDL060W	TSR1
YDR067C	OCA6
YDR126W	SWF1
YDR315C	IPK1
YDL126C	CDC48
YDR345C	HXT3
YDR079W	PET100
YDR292C	SRP101
YDR282C	MRX10
YDR170C	SEC7
YDR174W	HMO1
YDL048C	STP4
YDR500C	RPL37B
YDR112W	IRC2
YDR538W	PAD1
YDR301W	CFT1
YDR412W	RRP17
YDR530C	APA2
YDR227W	SIR4
YDR041W	RSM10
YDL008W	APC11
YDR234W	LYS4
YDR511W	SDH7
YDR519W	FPR2
YDR465C	RMT2
YDL001W	RMD1
YDR454C	GUK1
YDR013W	PSF1
YDR076W	RAD55
YDL095W	PMT1
YDL130W	RPP1B
YDR100W	TVP15
YDR479C	PEX29
YDL117W	CYK3
YDR140W	MTQ2
YDR381W	YRA1
YDR062W	LCB2
YDR143C	SAN1
YDL053C	PBP4
YDR223W	CRF1
YDL037C	BSC1
YDL167C	NRP1
YDR517W	GRH1
YDL226C	GCS1
YDL134C	PPH21
YDR117C	TMA64
YDR314C	RAD34
YDR440W	DOT1
YDR303C	RSC3
YDL078C	MDH3
YDL238C	GUD1
YDR529C	QCR7
YDR437W	GPI19
YDR452W	PPN1
YDR347W	MRP1
YDR490C	PKH1
YDR516C	EMI2
YDL193W	NUS1
YDL137W	ARF2
YDR235W	PRP42
YDR233C	RTN1
YDR388W	RVS167
YDR049W	VMS1
YDL194W	SNF3
YDR021W	FAL1
YDR353W	TRR1
YDR051C	DET1
YDR288W	NSE3
YDR141C	DOP1
YDR194C	MSS116
YDR424C	DYN2
YDR054C	CDC34
YDR122W	KIN1
YDR184C	ATC1
YDL240W	LRG1
YDR056C	EMC10
YDL042C	SIR2
YDR185C	UPS3
YDR328C	SKP1
YDR280W	RRP45
YDR098C	GRX3
YDR005C	MAF1
YDR423C	CAD1
YDR017C	KCS1
YDR419W	RAD30
YDR464W	SPP41
YDL210W	UGA4
YDR395W	SXM1
YDL222C	FMP45
YDR372C	VPS74
YDR325W	YCG1
YDR216W	ADR1
YDR082W	STN1
YDL224C	WHI4
YDR498C	SEC20
YDR006C	SOK1
YDR182W	CDC1
YDL102W	POL3
YDL179W	PCL9
YDL067C	COX9
YDR030C	RAD28
YDR020C	DAS2
YDR527W	RBA50
YDR333C	RQC1
YDL093W	PMT5
YDL043C	PRP11
YDR139C	RUB1
YDR322C-A	TIM11
YDL130W-A	STF1
YDR260C	SWM1
YDL017W	CDC7
YDR073W	SNF11
YDL069C	CBS1
YDR461W	MFA1
YDR435C	PPM1
YDL063C	SYO1
YDR121W	DPB4
YDR178W	SDH4
YDL013W	SLX5
YDR534C	FIT1
YDR392W	SPT3
YDL132W	CDC53
YDR202C	RAV2
YDR211W	GCD6
YDR110W	FOB1
tG(CCC)D	SUF3
YDR167W	TAF10
YDR156W	RPA14
YDL223C	HBT1
YDR075W	PPH3
YDR039C	ENA2
YDL088C	ASM4
YDL215C	GDH2
YDR297W	SUR2
YDR348C	PAL1
YDL169C	UGX2
YDR007W	TRP1
YDL195W	SEC31
YDR263C	DIN7
YDR429C	TIF35
YDR119W-A	COX26
YDR421W	ARO80
YDL198C	GGC1
YDL120W	YFH1
YDR379W	RGA2
YDL029W	ARP2
YDR205W	MSC2
YDR369C	XRS2
YDR088C	SLU7
YDR411C	DFM1
YDR441C	APT2
YDR446W	ECM11
YDL059C	RAD59
YDR016C	DAD1
YDR430C	CYM1
YDR374W-A	WIP1
YDR293C	SSD1
YDR459C	PFA5
YDR217C	RAD9
YDR052C	DBF4
YDL027C	MRX9
YDR104C	SPO71
YDL136W	RPL35B
YDR078C	SHU2
YDR068W	DOS2
YDL080C	THI3
YDR252W	BTT1
YDL046W	NPC2
YDR540C	IRC4
YDR181C	SAS4
YDL200C	MGT1
YDR108W	TRS85
YDR337W	MRPS28
YDR356W	SPC110
YDL235C	YPD1
YDL245C	HXT15
YOR185C	GSP2
YOR237W	HES1
YOL048C	RRT8
YOL144W	NOP8
YOL072W	THP1
YOR214C	SPR2
YOL119C	MCH4
YOR206W	NOC2
YOR341W	RPA190
YOL088C	MPD2
YOR160W	MTR10
YOR084W	LPX1
YOR039W	CKB2
YOR264W	DSE3
YOR281C	PLP2
YOR230W	WTM1
YOR144C	ELG1
YOL081W	IRA2
YOL052C	SPE2
YOR285W	RDL1
YOR058C	ASE1
YOR270C	VPH1
YOL154W	ZPS1
YOR115C	TRS33
YOL003C	PFA4
YOR258W	HNT3
YOL103W	ITR2
YOR215C	AIM41
YOL095C	HMI1
YOL063C	CRT10
YOR231W	MKK1
YOR021C	SFM1
YOR120W	GCY1
YOL038W	PRE6
YOR023C	AHC1
YOL124C	TRM11
YOR212W	STE4
YOL120C	RPL18A
YOR181W	LAS17
YOR335C	ALA1
YOL161C	PAU20
YOL122C	SMF1
YOR252W	TMA16
YOR157C	PUP1
YOR274W	MOD5
YOR093C	CMR2
YOL065C	INP54
YOR092W	ECM3
YOR207C	RET1
YOL005C	RPB11
YOL020W	TAT2
YOL053W	AIM39
YOL117W	RRI2
YOR038C	HIR2
YOR303W	CPA1
YOR137C	SIA1
YOL034W	SMC5
YOR190W	SPR1
YOL039W	RPP2A
YOR349W	CIN1
YOL090W	MSH2
YOR271C	FSF1
YOR173W	DCS2
YOR106W	VAM3
YOR108W	LEU9
YOL149W	DCP1
YOR295W	UAF30
YOR132W	VPS17
YOR216C	RUD3
YOR099W	KTR1
YOR001W	RRP6
YOR009W	TIR4
YOR204W	DED1
YOR209C	NPT1
YOR284W	HUA2
YOR036W	PEP12
YOR154W	SLP1
YOR048C	RAT1
YOL073C	DSC2
YOL152W	FRE7
YOL101C	IZH4
YOR085W	OST3
YOR227W	HER1
YOR159C	SME1
YOR372C	NDD1
YOR112W	CEX1
YOR229W	WTM2
YOR068C	VAM10
YOR251C	TUM1
YOR130C	ORT1
YOR119C	RIO1
YOR008C	SLG1
YOL011W	PLB3
YOR202W	HIS3
YOR266W	PNT1
YOR140W	SFL1
YOR004W	UTP23
YOR308C	SNU66
YOR032C	HMS1
YOR311C	DGK1
YOL138C	RTC1
YOL151W	GRE2
YOR330C	MIP1
YOR142W	LSC1
YOR017W	PET127
YOR394W	PAU21
YOR002W	ALG6
YOR194C	TOA1
YOR298C-A	MBF1
YOL069W	NUF2
YOR014W	RTS1
YOR346W	REV1
YOR044W	IRC23
YOR275C	RIM20
YOR174W	MED4
YOR336W	KRE5
YOL094C	RFC4
YOR122C	PFY1
YOR256C	TRE2
YOL137W	BSC6
YOR350C	MNE1
YOR196C	LIP5
YOR380W	RDR1
YOR369C	RPS12
YOL132W	GAS4
YOR260W	GCD1
YOR373W	NUD1
YOR163W	DDP1
YOL042W	NGL1
YOR316C	COT1
YOR326W	MYO2
YOR332W	VMA4
YOL002C	IZH2
YOR193W	PEX27
YOR243C	PUS7
YOR126C	IAH1
YOR070C	GYP1
YOR328W	PDR10
YOL056W	GPM3
YOR098C	NUP1
YOL110W	SHR5
YOR213C	SAS5
YOR253W	NAT5
YOL113W	SKM1
YOR060C	SLD7
YOL076W	MDM20
YOR381W	FRE3
YOR113W	AZF1
YOR273C	TPO4
YOL147C	PEX11
YOR178C	GAC1
YOR188W	MSB1
YOL159C	CSS3
YOR382W	FIT2
YOR363C	PIP2
YOR069W	VPS5
YOR075W	UFE1
YOR124C	UBP2
YOL025W	LAG2
YOR057W	SGT1
YOR265W	RBL2
YOL127W	RPL25
YOR107W	RGS2
YOL142W	RRP40
YOR239W	ABP140
YOL091W	SPO21
YOR317W	FAA1
YOR370C	MRS6
tM(CAU)O1	IMT1
YOR211C	MGM1
YOR191W	ULS1
YOL064C	MET22
YOL049W	GSH2
YOL043C	NTG2
YOR043W	WHI2
YOR104W	PIN2
YOL114C	PTH4
YOR220W	RCN2
YOR378W	AMF1
YOL059W	GPD2
YOR386W	PHR1
YOL027C	MDM38
YOL155C	HPF1
YOR375C	GDH1
YOR100C	CRC1
YOL026C	MIM1
YOL012C	HTZ1
YOR026W	BUB3
YOR359W	VTS1
YOR250C	CLP1
YOL013C	HRD1
YOR272W	YTM1
tG(GCC)O2	SUF17
YOL082W	ATG19
YOR035C	SHE4
YOL016C	CMK2
YOR007C	SGT2
YOR361C	PRT1
YOL158C	ENB1
YOR315W	SFG1
YOR010C	TIR2
YOR384W	FRE5
YOR234C	RPL33B
YOL045W	PSK2
YOL128C	YGK3
YOR360C	PDE2
YOL097C	WRS1
YOR164C	GET4
YOR175C	ALE1
YOR086C	TCB1
YOR242C	SSP2
YOR155C	ISN1
YOL030W	GAS5
YOR323C	PRO2
YOL017W	ESC8
YOR233W	KIN4
YOR083W	WHI5
YOL010W	RCL1
YOR118W	RTC5
YOR128C	ADE2
YOL125W	TRM13
YOL004W	SIN3
YOR177C	MPC54
YOR166C	SWT1
YOR006C	TSR3
YOR324C	FRT1
YOR033C	EXO1
YOL033W	MSE1
YOL070C	NBA1
YOR116C	RPO31
YOL067C	RTG1
YOR145C	PNO1
YOR304C-A	BIL1
YOR192C	THI72
YOL109W	ZEO1
YOR078W	BUD21
YOR134W	BAG7
YOR368W	RAD17
YOL111C	MDY2
YOR168W	GLN4
YOR226C	ISU2
YOR334W	MRS2
YOR241W	MET7
tP(UGG)O2	SUF11
YOR245C	DGA1
YOL009C	MDM12
YOR153W	PDR5
YOR358W	HAP5
YOR267C	HRK1
YOR081C	TGL5
YOL145C	CTR9
YOL156W	HXT11
YOR322C	LDB19
YOL044W	PEX15
YOR054C	VHS3
YOL031C	SIL1
YOR306C	MCH5
YOR261C	RPN8
YOR293W	RPS10A
YOR339C	UBC11
YOR067C	ALG8
YOR312C	RPL20B
YOR094W	ARF3
YOL135C	MED7
YOL105C	WSC3
YOR197W	MCA1
YOL104C	NDJ1
YOR262W	GPN2
YOR167C	RPS28A
YOL015W	IRC10
YOR161C	PNS1
YOR393W	ERR1
YOR210W	RPB10
YOL087C	DUF1
YOR127W	RGA1
YOR184W	SER1
YOR150W	MRPL23
YOR179C	SYC1
YOR340C	RPA43
YOR354C	MSC6
YOR217W	RFC1
YOR298W	MUM3
YOL006C	TOP1
YOR259C	RPT4
YOR320C	GNT1
YOR222W	ODC2
YOL165C	AAD15
YOL007C	CSI2
YOR307C	SLY41
YOL051W	GAL11
YOR091W	TMA46
YOR079C	ATX2
YOL022C	TSR4
YOR278W	HEM4
YOL148C	SPT20
YOL078W	AVO1
YOR089C	VPS21
YOL098C	SDD3
YOR171C	LCB4
YOL089C	HAL9
YOR095C	RKI1
YOL146W	PSF3
YOR224C	RPB8
YOR286W	RDL2
YOR046C	DBP5
tG(CCC)O	SUF5
YOR388C	FDH1
YOR228C	MCP1
YOL112W	MSB4
YOR141C	ARP8
YOR049C	RSB1
YOL143C	RIB4
YOR172W	YRM1
YOR149C	SMP3
YOL164W	BDS1
YOR011W	AUS1
YOR071C	NRT1
YOR022C	DDL1
YOR125C	CAT5
YOL141W	PPM2
YOR101W	RAS1
YOR383C	FIT3
YOR056C	NOB1
YOR246C	ENV9
YOR042W	CUE5
YOR236W	DFR1
YOR183W	FYV12
YOR176W	HEM15
YOR367W	SCP1
YOR297C	TIM18
YOR310C	NOP58
YOR063W	RPL3
YOR189W	IES4
YOL129W	VPS68
YOR280C	FSH3
YOR037W	CYC2
YOR090C	PTC5
YOR313C	SPS4
YOL032W	OPI10
YOR158W	PET123
YOR162C	YRR1
YOL092W	YPQ1
YOL061W	PRS5
YOR232W	MGE1
YOR219C	STE13
YOR182C	RPS30B
YOR294W	RRS1
YOR288C	MPD1
YOR110W	TFC7
YOR040W	GLO4
YOL083W	ATG34
YOL136C	PFK27
YOL130W	ALR1
YOL021C	DIS3
YOL077W-A	ATP19
YOR319W	HSH49
YOR030W	DFG16
YOR291W	YPK9
YOL077C	BRX1
YOR390W	FEX1
YOL052C-A	DDR2
YOR123C	LEO1
YOR013W	IRC11
YOR249C	APC5
YOR362C	PRE10
YOL058W	ARG1
YOR143C	THI80
YOR347C	PYK2
YOL157C	IMA2
YOR321W	PMT3
YOL008W	COQ10
YOR279C	RFM1
YOR180C	DCI1
YOL055C	THI20
YOL139C	CDC33
YOR287C	RRP36
YOR198C	BFR1
YOL054W	PSH1
YOR034C	AKR2
YOR374W	ALD4
YOR018W	ROD1
YOL084W	PHM7
YOR391C	HSP33
YOR327C	SNC2
YOR352W	TFB6
YOR348C	PUT4
YOL115W	PAP2
YOR066W	MSA1
YOL096C	COQ3
tM(CAU)O2	EMT2
YOR020C	HSP10
YOR133W	EFT1
YOR356W	CIR2
YOR208W	PTP2
YOR357C	SNX3
YOR276W	CAF20
YOR247W	SRL1
YOL047C	LDS2
YOR221C	MCT1
YOR344C	TYE7
YOR269W	PAC1
YOR152C	ATG40
YOR103C	OST2
YOR377W	ATF1
YOR129C	AFI1
YOR156C	NFI1
YOR329C	SCD5
YOR351C	MEK1
YOL040C	RPS15
YOR051C	ETT1
YOR003W	YSP3
YOR064C	YNG1
YOR073W	SGO1
YOR201C	MRM1
YOR065W	CYT1
YOR045W	TOM6
YOL018C	TLG2
YOL133W	HRT1
YOR087W	YVC1
YOL028C	YAP7
YOL086C	ADH1
YOL108C	INO4
YOL023W	IFM1
YOR165W	SEY1
YOL068C	HST1
YOR138C	RUP1
YOR016C	ERP4
YOL121C	RPS19A
YOL126C	MDH2
YOR235W	IRC13
YOR080W	DIA2
YOR028C	CIN5
YOR109W	INP53
YOL093W	TRM10
YOR147W	MDM32
YOR254C	SEC63
YOL080C	REX4
tY(GUA)O	SUP3
YOR136W	IDH2
YOR205C	GEP3
YOR305W	RRG7
YOR195W	SLK19
YOL123W	HRP1
YOL086W-A	MHF1
YOR337W	TEA1
YOL100W	PKH2
YOR255W	OSW1
YOR304W	ISW2
YOR077W	RTS2
YOR074C	CDC21
YOR117W	RPT5
YOL066C	RIB2
YOR396W	YRF1-8
YOR151C	RPB2
YOR187W	TUF1
YOL001W	PHO80
YOR005C	DNL4
YOR355W	GDS1
YOR290C	SNF2
YOR047C	STD1
YOR244W	ESA1
YOL102C	TPT1
YOL060C	MAM3
YOL041C	NOP12
YOL116W	MSN1
YOR353C	SOG2
YOR299W	BUD7
YOR096W	RPS7A
YOR148C	SPP2
YOR301W	RAX1
YOR257W	CDC31
YOR135C	IRC14
YOR223W	DSC3
YOR076C	SKI7
YOR061W	CKA2
YOR025W	HST3
YOR371C	GPB1
YOL140W	ARG8
YOL062C	APM4
tG(UCC)O	SUF1
YOR027W	STI1
YGL087C	MMS2
YGL156W	AMS1
YGR251W	NOP19
YGR162W	TIF4631
YGR005C	TFG2
YGL160W	AIM14
YGL211W	NCS6
YGR141W	VPS62
YGL097W	SRM1
YGR030C	POP6
YGR224W	AZR1
YGR142W	BTN2
YGR186W	TFG1
YGR181W	TIM13
YGR082W	TOM20
YGL028C	SCW11
YGL021W	ALK1
YGL110C	CUE3
YGR167W	CLC1
YGL017W	ATE1
YGR156W	PTI1
YGR197C	SNG1
YGR041W	BUD9
YGL079W	KXD1
YGL107C	RMD9
YGL168W	HUR1
YGL228W	SHE10
YGR183C	QCR9
YGL050W	TYW3
YGR086C	PIL1
YGL145W	TIP20
YGR098C	ESP1
YGR074W	SMD1
YGL098W	USE1
YGL096W	TOS8
YGR172C	YIP1
YGR194C	XKS1
YGL026C	TRP5
YGL213C	SKI8
YGL248W	PDE1
YGL075C	MPS2
YGL256W	ADH4
YGL012W	ERG4
YGR161C	RTS3
YGR274C	TAF1
YGR031C-A	NAG1
YGL037C	PNC1
YGL252C	RTG2
YGL250W	RMR1
YGR260W	TNA1
YGR159C	NSR1
YGR006W	PRP18
YGL121C	GPG1
YGL040C	HEM2
YGR097W	ASK10
YGL170C	SPO74
YGL166W	CUP2
YGL104C	VPS73
YGR149W	GPC1
YGR195W	SKI6
YGR250C	RIE1
YGL155W	CDC43
YGL216W	KIP3
YGR029W	ERV1
YGL125W	MET13
YGR038W	ORM1
YGR008C	STF2
YGR248W	SOL4
YGL094C	PAN2
YGR131W	FHN1
YGR163W	GTR2
YGR279C	SCW4
YGL022W	STT3
YGR271W	SLH1
YGL025C	PGD1
YGR031W	IMO32
YGL113W	SLD3
YGR188C	BUB1
YGL162W	SUT1
YGL084C	GUP1
YGL196W	DSD1
YGR230W	BNS1
YGR084C	MRP13
YGL222C	EDC1
YGR166W	TRS65
YGR152C	RSR1
YGL210W	YPT32
YGR157W	CHO2
YGL240W	DOC1
YGR085C	RPL11B
YGL146C	RRT6
YGL153W	PEX14
YGR075C	PRP38
YGL169W	SUA5
YGR187C	HGH1
YGL167C	PMR1
YGR217W	CCH1
YGR068C	ART5
YGR296W	YRF1-3
YGR177C	ATF2
YGL068W	MNP1
YGL018C	JAC1
YGL065C	ALG2
YGL014W	PUF4
YGL100W	SEH1
YGR288W	MAL13
YGL174W	BUD13
YGR211W	ZPR1
YGR270W	YTA7
YGR204W	ADE3
YGL070C	RPB9
YGL225W	VRG4
YGL120C	PRP43
tE(UUC)G1	SOE1
YGR252W	GCN5
YGL106W	MLC1
YGR284C	ERV29
YGR032W	GSC2
YGR174C	CBP4
YGR208W	SER2
YGL016W	KAP122
YGR255C	COQ6
YGL194C	HOS2
YGR091W	PRP31
YGR200C	ELP2
YGR191W	HIP1
YGL227W	VID30
YGR081C	SLX9
YGL243W	TAD1
YGR148C	RPL24B
YGL136C	MRM2
YGR276C	RNH70
YGL129C	RSM23
YGL224C	SDT1
YGL020C	GET1
YGL189C	RPS26A
YGL003C	CDH1
YGL115W	SNF4
YGL105W	ARC1
YGR087C	PDC6
YGR278W	CWC22
YGR042W	MTE1
YGR043C	NQM1
YGR110W	CLD1
YGR089W	NNF2
YGL158W	RCK1
YGR262C	BUD32
YGL200C	EMP24
YGL186C	TPN1
YGR010W	NMA2
YGR198W	YPP1
YGL058W	RAD6
YGL226W	MTC3
YGL055W	OLE1
YGL184C	STR3
YGL151W	NUT1
YGR101W	PCP1
YGR103W	NOP7
YGR096W	TPC1
YGR112W	SHY1
YGL013C	PDR1
YGL076C	RPL7A
YGR094W	VAS1
YGL226C-A	OST5
YGR175C	ERG1
YGL008C	PMA1
YGR108W	CLB1
YGR218W	CRM1
YGR205W	TDA10
YGL073W	HSF1
YGL009C	LEU1
YGL095C	VPS45
YGL137W	SEC27
YGR105W	VMA21
YGR001C	EFM5
YGL173C	XRN1
YGL086W	MAD1
YGR223C	HSV2
YGR077C	PEX8
YGR285C	ZUO1
YGL080W	MPC1
YGL207W	SPT16
YGR261C	APL6
YGL078C	DBP3
YGR150C	CCM1
YGR196C	FYV8
YGL197W	MDS3
YGR136W	LSB1
YGR286C	BIO2
YGL254W	FZF1
YGR023W	MTL1
YGL063W	PUS2
YGL154C	LYS5
YGL035C	MIG1
YGR009C	SEC9
YGR034W	RPL26B
YGL064C	MRH4
YGR118W	RPS23A
YGR277C	CAB4
YGR232W	NAS6
YGR227W	DIE2
YGL142C	GPI10
YGL143C	MRF1
YGR222W	PET54
YGL045W	RIM8
YGL253W	HXK2
YGR257C	MTM1
YGL131C	SNT2
YGR263C	SAY1
YGL049C	TIF4632
YGL202W	ARO8
YGR133W	PEX4
YGR109C	CLB6
YGR037C	ACB1
YGL077C	HNM1
YGR245C	SDA1
YGR287C	IMA1
YGL244W	RTF1
YGL057C	GEP7
YGL187C	COX4
YGR180C	RNR4
YGR116W	SPT6
YGL181W	GTS1
YGR202C	PCT1
YGL127C	SOH1
YGR203W	YCH1
YGL150C	INO80
YGR134W	CAF130
YGR095C	RRP46
YGR214W	RPS0A
YGL263W	COS12
YGR057C	LST7
YGR007W	ECT1
YGR241C	YAP1802
YGL219C	MDM34
YGL061C	DUO1
YGR083C	GCD2
YGL038C	OCH1
YGL047W	ALG13
YGR244C	LSC2
YGR289C	MAL11
YGL089C	MF(ALPHA)2
YGL180W	ATG1
YGR146C	ECL1
YGR106C	VOA1
YGR004W	PEX31
YGR209C	TRX2
YGR052W	FMP48
YGR158C	MTR3
YGR003W	CUL3
YGL247W	BRR6
YGR170W	PSD2
YGR246C	BRF1
YGL183C	MND1
YGL059W	PKP2
YGL123W	RPS2
YGL099W	LSG1
YGR102C	GTF1
YGL233W	SEC15
YGL056C	SDS23
YGR104C	SRB5
YGR240C	PFK1
YGR243W	MPC3
YGR275W	RTT102
YGR020C	VMA7
YGR100W	MDR1
YGR231C	PHB2
YGR215W	RSM27
YGL212W	VAM7
YGL066W	SGF73
YGL060W	YBP2
YGR145W	ENP2
YGL011C	SCL1
YGR147C	NAT2
YGR036C	CAX4
YGL122C	NAB2
YGL261C	PAU11
YGR099W	TEL2
YGR046W	TAM41
YGR216C	GPI1
tG(UCC)G	SUF4
YGR047C	TFC4
YGR238C	KEL2
YGR282C	BGL2
YGR169C	PUS6
YGR063C	SPT4
YGR256W	GND2
YGR192C	TDH3
YGL191W	COX13
YGR013W	SNU71
YGR123C	PPT1
YGL209W	MIG2
YGL163C	RAD54
YGL178W	MPT5
YGL092W	NUP145
YGR132C	PHB1
YGL208W	SIP2
YGR059W	SPR3
YGR128C	UTP8
YGL246C	RAI1
YGL190C	CDC55
YGR033C	TIM21
YGL112C	TAF6
YGL001C	ERG26
YGL093W	SPC105
YGR120C	COG2
YGR027C	RPS25A
YGL259W	YPS5
YGR294W	PAU12
YGR124W	ASN2
YGL103W	RPL28
YGL062W	PYC1
YGR049W	SCM4
YGR076C	MRPL25
YGL161C	YIP5
YGR062C	COX18
YGL237C	HAP2
YGR024C	THG1
YGR184C	UBR1
YGR292W	MAL12
YGL067W	NPY1
YGR072W	UPF3
YGL229C	SAP4
YGR055W	MUP1
YGL044C	RNA15
YGL054C	ERV14
YGL119W	COQ8
YGR206W	MVB12
YGL130W	CEG1
YGR090W	UTP22
YGR221C	TOS2
YGR143W	SKN1
YGL198W	YIP4
YGL083W	SCY1
YGR071C	ENV11
YGR058W	PEF1
YGL195W	GCN1
YGL192W	IME4
YGL206C	CHC1
YGR060W	ERG25
YGL257C	MNT2
YGL236C	MTO1
YGR138C	TPO2
YGL023C	PIB2
YGL144C	ROG1
YGL071W	AFT1
YGR080W	TWF1
YGL116W	CDC20
YGL201C	MCM6
YGR212W	SLI1
YGR154C	GTO1
YGL241W	KAP114
YGR247W	CPD1
YGR199W	PMT6
YGR179C	OKP1
YGL111W	NSA1
YGR155W	CYS4
YGL255W	ZRT1
YGR233C	PHO81
YGR092W	DBF2
YGR171C	MSM1
YGL171W	ROK1
YGL029W	CGR1
YGR040W	KSS1
YGR220C	MRPL9
YGR268C	HUA1
YGL147C	RPL9A
YGR144W	THI4
YGR178C	PBP1
YGR113W	DAM1
YGL203C	KEX1
YGL048C	RPT6
YGR207C	CIR1
YGR258C	RAD2
YGL091C	NBP35
YGR093W	DRN1
YGR119C	NUP57
YGR213C	RTA1
YGR061C	ADE6
YGR121C	MEP1
YGL043W	DST1
YGR280C	PXR1
YGL085W	LCL3
YGL031C	RPL24A
YGR254W	ENO1
YGL124C	MON1
YGR236C	SPG1
YGL164C	YRB30
YGR264C	MES1
YGL234W	ADE5,7
YGL238W	CSE1
YGR056W	RSC1
YGR239C	PEX21
YGR185C	TYS1
YGR189C	CRH1
YGL205W	POX1
YGL221C	NIF3
YGL135W	RPL1B
YGR253C	PUP2
YGL053W	PRM8
YGR271C-A	EFG1
YGR267C	FOL2
YGR234W	YHB1
YGL251C	HFM1
YGL141W	HUL5
YGL245W	GUS1
YGL007W	BRP1
YGL005C	COG7
YGL215W	CLG1
YGR173W	RBG2
YGL249W	ZIP2
YGR229C	SMI1
YGR070W	ROM1
YGR135W	PRE9
YGR225W	AMA1
YGL258W	VEL1
YGL139W	FLC3
YGL172W	NUP49
YGR088W	CTT1
YGL126W	SCS3
YGR140W	CBF2
YGR129W	SYF2
YGL027C	CWH41
tL(CAA)G2	SUP54
YGL231C	EMC4
YGL019W	CKB1
YGL002W	ERP6
YGR044C	RME1
YGR193C	PDX1
YGL033W	HOP2
YGR165W	MRPS35
YGL030W	RPL30
YGL128C	CWC23
YGL175C	SAE2
YGL223C	COG1
YGL004C	RPN14
YGL148W	ARO2
YGR281W	YOR1
YGR078C	PAC10
YGL133W	ITC1
YGR295C	COS6
YGR048W	UFD1
YGR065C	VHT1
YGL051W	MST27
YGR019W	UGA1
YGL010W	MPO1
YGL090W	LIF1
YGL032C	AGA2
YGL179C	TOS3
YGR002C	SWC4
YGL134W	PCL10
YGL006W	PMC1
YGR028W	MSP1
YGR249W	MGA1
YGL232W	TAN1
YGL157W	ARI1
YGR012W	MCY1
YGR014W	MSB2
YLL050C	COF1
YLR466W	YRF1-4
YLR054C	OSW2
YLR437C	DIF1
YLR128W	DCN1
YLR075W	RPL10
YLR052W	IES3
YLR025W	SNF7
YLR308W	CDA2
YLR032W	RAD5
YLR251W	SYM1
YLR321C	SFH1
YLR327C	TMA10
YLR247C	IRC20
YLR167W	RPS31
YLR220W	CCC1
YLR455W	PDP3
YLR094C	GIS3
YLR272C	YCS4
YLR338W	OPI9
YLR181C	VTA1
YLR180W	SAM1
YLR250W	SSP120
YLR424W	SPP382
YLR253W	MCP2
YLR390W-A	CCW14
YLR233C	EST1
YLR117C	CLF1
YLR110C	CCW12
YLR072W	LAM6
YLR069C	MEF1
YLR403W	SFP1
YLR008C	PAM18
YLR231C	BNA5
YLR264W	RPS28B
YLR164W	SHH4
YLR079W	SIC1
YLR103C	CDC45
YLR170C	APS1
YLR228C	ECM22
YLL036C	PRP19
YLR411W	CTR3
YLR056W	ERG3
YLR429W	CRN1
YLL060C	GTT2
YLR310C	CDC25
YLR342W	FKS1
YLR017W	MEU1
YLR304C	ACO1
YLL052C	AQY2
YLR027C	AAT2
YLR214W	FRE1
YLL062C	MHT1
YLR378C	SEC61
YLR023C	IZH3
YLR425W	TUS1
YLR073C	RFU1
YLL008W	DRS1
YLL063C	AYT1
YLR449W	FPR4
YLL046C	RNP1
YLR089C	ALT1
YLR020C	YEH2
YLR190W	MMR1
YLR045C	STU2
YLR285W	NNT1
YLR322W	VPS65
YLR276C	DBP9
YLR346C	CIS1
YLR135W	SLX4
YLR261C	VPS63
YLR077W	FMP25
YLR144C	ACF2
YLR414C	PUN1
YLR301W	HRI1
YLR427W	MAG2
YLR200W	YKE2
YLR150W	STM1
YLL021W	SPA2
YLR078C	BOS1
YLR153C	ACS2
YLR014C	PPR1
YLL005C	SPO75
YLR262C	YPT6
YLR234W	TOP3
YLR096W	KIN2
YLR271W	CMG1
YLR033W	RSC58
YLL055W	YCT1
YLR266C	PDR8
YLL030C	RRT7
YLR323C	CWC24
YLR007W	NSE1
YLL015W	BPT1
YLR343W	GAS2
YLR210W	CLB4
YLR058C	SHM2
YLR145W	RMP1
YLR080W	EMP46
YLR443W	ECM7
YLR325C	RPL38
YLL006W	MMM1
YLR074C	BUD20
YLR191W	PEX13
YLR288C	MEC3
YLL001W	DNM1
YLR409C	UTP21
YLR099C	ICT1
YLR131C	ACE2
YLR362W	STE11
YLR256W	HAP1
YLR068W	FYV7
YLR341W	SPO77
YLR186W	EMG1
YLR143W	DPH6
YLR368W	MDM30
YLR393W	ATP10
YLR176C	RFX1
YLR099W-A	MIM2
YLR423C	ATG17
YLR357W	RSC2
YLR197W	NOP56
YLR187W	SKG3
YLL034C	RIX7
YLL023C	POM33
YLR065C	ENV10
YLL031C	GPI13
YLR405W	DUS4
YLR026C	SED5
YLR267W	BOP2
YLR093C	NYV1
YLR085C	ARP6
YLR246W	ERF2
YLR433C	CNA1
YLR227C	ADY4
YLR370C	ARC18
YLL026W	HSP104
YLR289W	GUF1
YLR114C	AVL9
YLR213C	CRR1
YLR146C	SPE4
YLR445W	GMC2
YLR333C	RPS25B
YLR082C	SRL2
YLR193C	UPS1
YLL043W	FPS1
YLR337C	VRP1
YLR039C	RIC1
YLR457C	NBP1
YLR377C	FBP1
YLR104W	LCL2
YLR319C	BUD6
YLL003W	SFI1
YLR004C	THI73
YLR336C	SGD1
YLR430W	SEN1
YLR436C	ECM30
YLR347C	KAP95
YLR324W	PEX30
YLR113W	HOG1
YLR196W	PWP1
YLL061W	MMP1
YLR119W	SRN2
YLR163C	MAS1
YLL014W	EMC6
YLR129W	DIP2
YLR090W	XDJ1
YLR259C	HSP60
YLR219W	MSC3
YLR401C	DUS3
YLR467W	YRF1-5
YLR185W	RPL37A
YLR060W	FRS1
YLR313C	SPH1
YLR303W	MET17
YLL029W	FRA1
YLR465C	BSC3
YLR015W	BRE2
YLR432W	IMD3
YLR081W	GAL2
YLR166C	SEC10
YLR383W	SMC6
YLR035C	MLH2
YLR044C	PDC1
YLR293C	GSP1
YLR192C	HCR1
YLR300W	EXG1
YLR098C	CHA4
YLR448W	RPL6B
YLR381W	CTF3
YLR367W	RPS22B
YLR309C	IMH1
YLR299W	ECM38
YLR224W	UCC1
YLR029C	RPL15A
YLR373C	VID22
YLR092W	SUL2
YLL018C-A	COX19
YLR066W	SPC3
YLR175W	CBF5
YLR158C	ASP3-3
YLL051C	FRE6
YLR314C	CDC3
YLR438C-A	LSM3
YLR209C	PNP1
YLR019W	PSR2
YLR353W	BUD8
YLR361C	DCR2
YLL033W	IRC19
YLR389C	STE23
YLR438W	CAR2
YLR290C	COQ11
YLR270W	DCS1
YLR194C	NCW2
YLR006C	SSK1
YLR223C	IFH1
YLR195C	NMT1
YLL016W	SDC25
YLR398C	SKI2
YLR418C	CDC73
YLR010C	TEN1
YLR307W	CDA1
YLR356W	ATG33
YLR431C	ATG23
YLR109W	AHP1
YLR364W	GRX8
YLR106C	MDN1
YLR083C	EMP70
YLR274W	MCM5
YLR413W	INA1
YLR340W	RPP0
YLR055C	SPT8
YLR254C	NDL1
YLR121C	YPS3
YLL042C	ATG10
YLR211C	ATG38
YLR105C	SEN2
YLR142W	PUT1
YLR376C	PSY3
YLR318W	EST2
YLR239C	LIP2
YLR262C-A	TMA7
YLR452C	SST2
YLR154W-C	TAR1
YLR363C	NMD4
YLR207W	HRD3
YLR312W-A	MRPL15
YLR188W	MDL1
YLR011W	LOT6
YLR328W	NMA1
YLR241W	CSC1
YLR245C	CDD1
YLR360W	VPS38
YLR205C	HMX1
YLR410W	VIP1
YLR097C	HRT3
YLR397C	AFG2
YLR120C	YPS1
YLR335W	NUP2
YLR399C	BDF1
YLR453C	RIF2
YLL057C	JLP1
YLR388W	RPS29A
YLR249W	YEF3
YLR151C	PCD1
YLR260W	LCB5
YLL010C	PSR1
YLR133W	CKI1
YLR329W	REC102
YLL011W	SOF1
YLR384C	IKI3
YLR203C	MSS51
YLR394W	CST9
YLR021W	IRC25
YLR331C	JIP3
YLR450W	HMG2
YLR390W	ECM19
YLR291C	GCD7
YLR408C	BLS1
YLR240W	VPS34
YLR018C	POM34
YLR344W	RPL26A
YLR412W	BER1
YLR447C	VMA6
YLR435W	TSR2
YLR084C	RAX2
YLR091W	GEP5
YLR275W	SMD2
YLR102C	APC9
YLR263W	RED1
YLR459W	GAB1
YLR316C	TAD3
YLR277C	YSH1
YLR229C	CDC42
YLR048W	RPS0B
YLR238W	FAR10
YLR298C	YHC1
YLR086W	SMC4
YLL041C	SDH2
YLR330W	CHS5
YLR244C	MAP1
YLR258W	GSY2
YLR174W	IDP2
YLR315W	NKP2
YLR172C	DPH5
YLR273C	PIG1
YLL012W	YEH1
YLR022C	SDO1
YLR382C	NAM2
YLR268W	SEC22
YLR420W	URA4
YLR137W	RKM5
YLR087C	CSF1
YLL049W	LDB18
YLR426W	TDA5
YLL035W	GRC3
YLL009C	COX17
YLR406C	RPL31B
YLR136C	TIS11
YLR385C	SWC7
YLR138W	NHA1
YLL019C	KNS1
YLR284C	ECI1
YLR295C	ATP14
YLR248W	RCK2
YLR127C	APC2
YLR002C	NOC3
YLR168C	UPS2
YLR189C	ATG26
YLR134W	PDC5
YLR051C	FCF2
YLR215C	CDC123
YLR206W	ENT2
YLR201C	COQ9
YLL018C	DPS1
YLL025W	PAU17
YLR392C	ART10
YLR063W	BMT6
YLR350W	ORM2
YLR204W	QRI5
YLL007C	LMO1
YLR141W	RRN5
YLL038C	ENT4
YLR375W	STP3
YLR287C-A	RPS30A
YLR155C	ASP3-1
YLR003C	CMS1
YLR221C	RSA3
YLR355C	ILV5
YLR237W	THI7
YLR441C	RPS1A
YLR178C	TFS1
YLR028C	ADE16
YLR043C	TRX1
YLR218C	COA4
YLR243W	GPN3
YLR148W	PEP3
YLR162W-A	RRT15
YLR095C	IOC2
YLR199C	PBA1
YLR154C	RNH203
YLL064C	PAU18
YLR461W	PAU4
YLR265C	NEJ1
YLR242C	ARV1
YLR351C	NIT3
YLR306W	UBC12
YLR130C	ZRT2
YLL028W	TPO1
YLR183C	TOS4
tR(CCG)L	TRR4
YLR396C	VPS33
YLR024C	UBR2
YLR442C	SIR3
YLR380W	CSR1
YLR061W	RPL22A
YLR386W	VAC14
YLR387C	REH1
YLR422W	DCK1
YLR354C	TAL1
YLL039C	UBI4
YLR208W	SEC13
YLR115W	CFT2
YLR005W	SSL1
YLR147C	SMD3
YLR451W	LEU3
YLR212C	TUB4
YLR454W	FMP27
YLR064W	PER33
YLR132C	USB1
YLR182W	SWI6
YLR038C	COX12
YLR107W	REX3
YLR139C	SLS1
YLR305C	STT4
YLR062C	BUD28
YLL002W	RTT109
YLR070C	XYL2
YLR157C	ASP3-2
YLR226W	BUR2
YLL048C	YBT1
YLL024C	SSA2
YLR009W	RLP24
YLR057W	MNL2
YLR348C	DIC1
YLR439W	MRPL4
YLR332W	MID2
YLR369W	SSQ1
YLR417W	VPS36
YLR013W	GAT3
YLR116W	MSL5
YLR371W	ROM2
YLR222C	UTP13
YLR440C	SEC39
YLR059C	REX2
YLR165C	PUS5
YLR421C	RPN13
YLL027W	ISA1
YLR292C	SEC72
YLR034C	SMF3
YLR016C	PML1
YLR047C	FRE8
YLL022C	HIF1
YLR395C	COX8
YLR359W	ADE13
YLR067C	PET309
YLR040C	AFB1
YLL013C	PUF3
YLR320W	MMS22
YLL045C	RPL8B
YLR160C	ASP3-4
YLR071C	RGR1
YLR286C	CTS1
YLR037C	PAU23
YLL004W	ORC3
YLR100W	ERG27
YLR088W	GAA1
YLR216C	CPR6
YLL040C	VPS13
YPL208W	RKM1
YPL217C	BMS1
YPR169W	JIP5
YPL009C	RQC2
YPL183C	RTT10
YPR065W	ROX1
YPR032W	SRO7
tM(CAU)P	IMT2
YPR194C	OPT2
YPL084W	BRO1
YPR101W	SNT309
YPL179W	PPQ1
YPL224C	MMT2
YPR103W	PRE2
YPR155C	NCA2
YPL244C	HUT1
YPR141C	KAR3
YPL275W	FDH2
YPR156C	TPO3
YPL240C	HSP82
YPR188C	MLC2
YPL111W	CAR1
YPR119W	CLB2
YPL192C	PRM3
YPL059W	GRX5
YPL218W	SAR1
YPL198W	RPL7B
YPL006W	NCR1
YPR161C	SGV1
YPL145C	KES1
YPL092W	SSU1
YPR181C	SEC23
YPR171W	BSP1
YPR122W	AXL1
YPL091W	GLR1
YPL137C	GIP3
YPL014W	CIP1
YPL164C	MLH3
YPL163C	SVS1
YPR069C	SPE3
YPR072W	NOT5
YPR067W	ISA2
YPL175W	SPT14
YPL125W	KAP120
YPL090C	RPS6A
YPR120C	CLB5
YPR198W	SGE1
YPR106W	ISR1
YPL250C	ATG41
YPL051W	ARL3
YPR013C	CMR3
YPL121C	MEI5
YPR068C	HOS1
YPL270W	MDL2
YPL248C	GAL4
YPR058W	YMC1
YPL004C	LSP1
YPR110C	RPC40
YPL042C	SSN3
YPR149W	NCE102
YPL172C	COX10
YPR009W	SUT2
YPR051W	MAK3
YPR134W	MSS18
YPR118W	MRI1
YPR019W	MCM4
YPL213W	LEA1
YPR121W	THI22
YPL054W	LEE1
YPL123C	RNY1
YPL144W	POC4
YPR036W-A	SPO24
YPL140C	MKK2
YPL202C	AFT2
YPL045W	VPS16
YPL267W	ACM1
YPL133C	RDS2
YPL263C	KEL3
YPL097W	MSY1
YPR124W	CTR1
YPR157W	TDA6
YPR004C	AIM45
YPR080W	TEF1
YPL200W	CSM4
YPR057W	BRR1
YPR100W	MRPL51
YPR033C	HTS1
YPR151C	SUE1
YPR180W	AOS1
YPL210C	SRP72
YPL155C	KIP2
YPL081W	RPS9A
YPL266W	DIM1
YPR002W	PDH1
YPL127C	HHO1
YPR108W	RPN7
YPR200C	ARR2
YPL058C	PDR12
YPR088C	SRP54
YPL254W	HFI1
YPL223C	GRE1
YPR056W	TFB4
YPR006C	ICL2
YPR129W	SCD6
YPR199C	ARR1
YPR113W	PIS1
YPL166W	ATG29
YPR020W	ATP20
YPL160W	CDC60
YPL147W	PXA1
YPL169C	MEX67
YPR049C	ATG11
YPL087W	YDC1
YPR115W	RGC1
YPL184C	MRN1
YPR111W	DBF20
YPR189W	SKI3
YPR034W	ARP7
YPL189W	GUP2
YPL246C	RBD2
YPL020C	ULP1
YPL255W	BBP1
YPL196W	OXR1
YPR135W	CTF4
YPR044C	OPI11
YPL061W	ALD6
YPL052W	OAZ1
YPR112C	MRD1
YPL186C	UIP4
YPL280W	HSP32
YPR143W	RRP15
YPL116W	HOS3
YPL131W	RPL5
YPR017C	DSS4
YPL012W	RRP12
YPL017C	IRC15
YPL010W	RET3
YPR173C	VPS4
YPL233W	NSL1
YPR024W	YME1
YPL187W	MF(ALPHA)1
YPR191W	QCR2
YPL063W	TIM50
YPR007C	REC8
YPL149W	ATG5
YPL089C	RLM1
YPR166C	MRP2
YPR167C	MET16
YPL231W	FAS2
YPR025C	CCL1
YPL098C	MGR2
YPL129W	TAF14
YPR153W	MAY24
YPR164W	MMS1
YPL026C	SKS1
YPR001W	CIT3
YPL282C	PAU22
YPR178W	PRP4
YPR061C	JID1
YPL180W	TCO89
YPL019C	VTC3
YPL258C	THI21
YPL022W	RAD1
YPL279C	FEX2
YPR193C	HPA2
YPL001W	HAT1
YPR083W	MDM36
YPL057C	SUR1
YPL211W	NIP7
YPL041C	MRX11
YPL181W	CTI6
YPR168W	NUT2
YPL040C	ISM1
YPL070W	MUK1
YPR159W	KRE6
YPL002C	SNF8
YPL227C	ALG5
YPL236C	ENV7
YPL151C	PRP46
YPL234C	VMA11
YPL015C	HST2
YPR035W	GLN1
YPR037C	ERV2
YPR184W	GDB1
YPL135W	ISU1
YPL215W	CBP3
YPL112C	PEX25
YPR087W	VPS69
YPL154C	PEP4
YPR094W	RDS3
YPR074C	TKL1
YPL056C	LCL1
YPL189C-A	COA2
YPR082C	DIB1
YPR133C	SPN1
YPL047W	SGF11
YPL272C	PBI1
YPR070W	MED1
YPL176C	TRE1
YPL220W	RPL1A
YPL065W	VPS28
YPL074W	YTA6
YPL032C	SVL3
YPL167C	REV3
YPR185W	ATG13
YPL038W	MET31
YPR145W	ASN1
YPL165C	SET6
YPL193W	RSA1
YPL003W	ULA1
YPL178W	CBC2
YPL013C	MRPS16
YPR042C	PUF2
YPL103C	FMP30
YPR028W	YOP1
YPL075W	GCR1
YPL024W	RMI1
YPR008W	HAA1
YPR062W	FCY1
YPR125W	YLH47
YPR131C	NAT3
YPL221W	FLC1
YPR073C	LTP1
YPL262W	FUM1
YPR036W	VMA13
YPL031C	PHO85
YPL237W	SUI3
YPL053C	KTR6
YPL122C	TFB2
YPL085W	SEC16
YPR104C	FHL1
YPR186C	PZF1
YPR201W	ARR3
YPL138C	SPP1
YPR030W	CSR2
YPR190C	RPC82
YPL043W	NOP4
YPL105C	SYH1
YPL168W	MRX4
YPR018W	RLF2
YPR132W	RPS23B
YPR137W	RRP9
YPL219W	PCL8
tS(UGA)P	SUP16
YPL029W	SUV3
YPL190C	NAB3
YPL241C	CIN2
YPL281C	ERR2
YPL023C	MET12
YPR043W	RPL43A
YPR116W	RRG8
YPL252C	YAH1
YPR047W	MSF1
YPL194W	DDC1
YPL157W	TGS1
YPL177C	CUP9
YPR165W	RHO1
YPL037C	EGD1
YPR093C	ASR1
YPR066W	UBA3
YPL101W	ELP4
YPL064C	CWC27
YPL256C	CLN2
YPR023C	EAF3
YPL093W	NOG1
YPL134C	ODC1
YPL153C	RAD53
YPL222W	FMP40
YPR075C	OPY2
YPL118W	MRP51
YPL239W	YAR1
YPL033C	SRL4
YPR045C	THP3
YPR038W	IRC16
YPL100W	ATG21
YPL076W	GPI2
YPL027W	SMA1
YPL271W	ATP15
YPL128C	TBF1
YPL139C	UME1
YPL005W	AEP3
YPL148C	PPT2
YPL265W	DIP5
YPR052C	NHP6A
YPL096W	PNG1
YPL104W	MSD1
YPR162C	ORC4
YPL030W	TRM44
YPL069C	BTS1
YPL188W	POS5
YPL201C	YIG1
YPL207W	TYW1
YPR021C	AGC1
YPL253C	VIK1
YPR040W	TIP41
YPL143W	RPL33A
YPL132W	COX11
YPL171C	OYE3
YPL126W	NAN1
YPR187W	RPO26
YPL007C	TFC8
YPL209C	IPL1
YPR182W	SMX3
YPL242C	IQG1
YPR086W	SUA7
YPL096C-A	ERI1
YPL086C	ELP3
YPR005C	HAL1
YPR046W	MCM16
YPL269W	KAR9
YPR105C	COG4
YPL158C	AIM44
YPL094C	SEC62
YPR176C	BET2
YPR163C	TIF3
YPR160W	GPH1
YPL049C	DIG1
YPL066W	RGL1
YPL183W-A	RTC6
YPL235W	RVB2
YPL141C	FRK1
YPR144C	NOC4
YPL249C-A	RPL36B
YPR128C	ANT1
YPR054W	SMK1
YPL156C	PRM4
YPL173W	MRPL40
YPL260W	CUB1
YPL016W	SWI1
YPR095C	SYT1
YPR079W	MRL1
YPR010C	RPA135
YPL046C	ELC1
YPL021W	ECM23
YPL268W	PLC1
YPL283C	YRF1-7
YPL206C	PGC1
YPR055W	SEC8
YPR138C	MEP3
YPL243W	SRP68
YPL095C	EEB1
YPL232W	SSO1
YPL124W	SPC29
YPR041W	TIF5
YPL083C	SEN54
YPL048W	CAM1
YPL120W	VPS30
YPL117C	IDI1
YPR091C	NVJ2
YPL214C	THI6
YPL203W	TPK2
YPL273W	SAM4
YPR081C	GRS2
YPL011C	TAF3
YPL274W	SAM3
YPR158W	CUR1
YPL050C	MNN9
YPL110C	GDE1
YPL161C	BEM4
YPR022C	SDD4
YPR175W	DPB2
YPL055C	LGE1
YPL079W	RPL21B
YPR192W	AQY1
YPL226W	NEW1
YPL115C	BEM3
YPL170W	DAP1
YPR140W	TAZ1
YPR048W	TAH18
YPR102C	RPL11A
YPL036W	PMA2
YPR133W-A	TOM5
YPL146C	NOP53
YPR107C	YTH1
YPL082C	MOT1
YPL152W	RRD2
YPL230W	USV1
YPL159C	PET20
YPR183W	DPM1
YPL204W	HRR25
YPL249C	GYP5
YPR154W	PIN3
YPR026W	ATH1
YPR016C	TIF6
YPL060W	MFM1
YPR029C	APL4
YPL106C	SSE1
YPR085C	ASA1
YPL008W	CHL1
YPR152C	URN1
YPL212C	PUS1
YPL119C	DBP1
YPL078C	ATP4
YPL195W	APL5
YPR060C	ARO7
YPL228W	CET1
YPL018W	CTF19
YPL259C	APM1
YPL072W	UBP16
YPL130W	SPO19
YPR179C	HDA3
YPL028W	ERG10
YPL174C	NIP100
YPR031W	NTO1
YMR172W	HOT1
YMR290C	HAS1
YMR139W	RIM11
YMR191W	SPG5
YMR244C-A	COA6
YMR091C	NPL6
YMR180C	CTL1
YML088W	UFO1
YML077W	BET5
YML125C	PGA3
YMR318C	ADH6
YMR115W	MGR3
YMR266W	RSN1
YML057W	CMP2
YML055W	SPC2
YMR105C	PGM2
YMR268C	PRP24
YML101C	CUE4
YMR012W	CLU1
tY(GUA)M2	SUP8
YMR202W	ERG2
YMR083W	ADH3
YMR017W	SPO20
YML085C	TUB1
YML013W	UBX2
YMR224C	MRE11
YMR059W	SEN15
YMR072W	ABF2
YMR304W	UBP15
YML087C	AIM33
YMR195W	ICY1
YMR240C	CUS1
YMR308C	PSE1
YML001W	YPT7
YML114C	TAF8
YMR319C	FET4
YML075C	HMG1
YMR075W	RCO1
YML129C	COX14
YML073C	RPL6A
YMR149W	SWP1
YMR233W	TRI1
YMR048W	CSM3
YML030W	RCF1
YMR118C	SHH3
YMR260C	TIF11
tM(CAU)M	EMT4
YML056C	IMD4
YML064C	TEM1
YML132W	COS3
YML113W	DAT1
YML058W-A	HUG1
YMR136W	GAT2
YML091C	RPM2
YMR199W	CLN1
YMR286W	MRPL33
YMR025W	CSI1
YMR112C	MED11
YML127W	RSC9
YML005W	TRM12
YMR096W	SNZ1
YMR246W	FAA4
YMR120C	ADE17
YMR052W	FAR3
YML049C	RSE1
YMR065W	KAR5
YMR098C	ATP25
YMR302C	YME2
YML060W	OGG1
YMR080C	NAM7
YMR156C	TPP1
YMR294W	JNM1
YMR167W	MLH1
YMR079W	SEC14
YMR275C	BUL1
YMR100W	MUB1
YMR161W	HLJ1
YMR183C	SSO2
YML021C	UNG1
YML074C	FPR3
YMR157C	AIM36
YMR110C	HFD1
YMR097C	MTG1
YML011C	RAD33
YMR064W	AEP1
YMR300C	ADE4
YMR031C	EIS1
YMR016C	SOK2
YMR066W	SOV1
YMR201C	RAD14
YMR232W	FUS2
YMR200W	ROT1
YMR297W	PRC1
YML026C	RPS18B
YML023C	NSE5
YMR143W	RPS16A
YMR073C	IRC21
YML069W	POB3
YML050W	AIM32
YMR211W	DML1
YMR283C	RIT1
YML078W	CPR3
YMR142C	RPL13B
YMR203W	TOM40
YMR077C	VPS20
YMR284W	YKU70
YMR089C	YTA12
YMR134W	ERG29
YMR095C	SNO1
YMR132C	JLP2
YML115C	VAN1
YMR086W	SEG1
YMR044W	IOC4
YMR222C	FSH2
YML038C	YMD8
YMR036C	MIH1
YML012W	ERV25
YML100W	TSL1
YMR312W	ELP6
YML112W	CTK3
YML099C	ARG81
YML123C	PHO84
YMR207C	HFA1
YMR236W	TAF9
YMR204C	INP1
YMR011W	HXT2
YML008C	ERG6
YMR109W	MYO5
YMR004W	MVP1
YMR216C	SKY1
YMR159C	ATG16
YMR272C	SCS7
YMR106C	YKU80
YML092C	PRE8
YML104C	MDM1
YML058W	SML1
YMR148W	OSW5
YMR168C	CEP3
YML063W	RPS1B
YMR008C	PLB1
YMR177W	MMT1
YMR213W	CEF1
YMR192W	GYL1
YMR014W	BUD22
YMR020W	FMS1
YMR208W	ERG12
YML098W	TAF13
YMR133W	REC114
YML028W	TSA1
YMR285C	NGL2
YMR040W	YET2
YMR094W	CTF13
YMR189W	GCV2
YML128C	MSC1
YML022W	APT1
YMR299C	DYN3
YMR227C	TAF7
YMR119W	ASI1
YMR255W	GFD1
YMR024W	MRPL3
YML054C	CYB2
YMR274C	RCE1
YMR215W	GAS3
YMR277W	FCP1
YMR033W	ARP9
YML041C	VPS71
YMR305C	SCW10
YMR237W	BCH1
YML095C	RAD10
YMR018W	PEX9
YMR163C	INP2
YML027W	YOX1
YMR162C	DNF3
YMR158W	MRPS8
YMR210W	MGL2
YMR241W	YHM2
YMR205C	PFK2
YMR235C	RNA1
YMR047C	NUP116
YMR259C	TRM732
YMR281W	GPI12
YMR261C	TPS3
YMR026C	PEX12
YML010W	SPT5
YMR150C	IMP1
YMR067C	UBX4
YMR179W	SPT21
YMR126C	DLT1
YML032C	RAD52
YML081W	TDA9
YMR003W	AIM34
YMR221C	FMP42
YMR257C	PET111
YML068W	ITT1
YMR117C	SPC24
YMR060C	SAM37
YMR144W	FDO1
YMR068W	AVO2
YML097C	VPS9
YMR182C	RGM1
YML080W	DUS1
YMR194C-B	CMC4
YMR140W	SIP5
YMR058W	FET3
YMR076C	PDS5
YMR239C	RNT1
YMR242C	RPL20A
YMR009W	ADI1
YMR088C	VBA1
YMR303C	ADH2
YMR316W	DIA1
YML017W	PSP2
YMR104C	YPK2
YMR309C	NIP1
YMR313C	TGL3
YMR028W	TAP42
YMR154C	RIM13
tY(GUA)M1	SUP5
YML016C	PPZ1
YML006C	GIS4
YML109W	ZDS2
YML015C	TAF11
YMR197C	VTI1
YML014W	TRM9
YML106W	URA5
YML025C	YML6
YMR193W	MRPL24
YML052W	SUR7
YML047C	PRM6
YMR174C	PAI3
YMR218C	TRS130
YMR001C	CDC5
YML121W	GTR1
YMR217W	GUA1
YMR298W	LIP1
YML042W	CAT2
YMR287C	DSS1
YMR289W	ABZ2
YML048W	GSF2
YMR250W	GAD1
YMR124W	EPO1
YMR311C	GLC8
YMR322C	SNO4
YML043C	RRN11
YML046W	PRP39
YML004C	GLO1
YMR071C	TVP18
YMR229C	RRP5
YMR063W	RIM9
YMR301C	ATM1
YMR276W	DSK2
YMR002W	MIX17
YML081C-A	ATP18
YML019W	OST6
YMR176W	ECM5
YMR198W	CIK1
YML094W	GIM5
YMR006C	PLB2
tQ(CUG)M	CDC65
YML093W	UTP14
YMR116C	ASC1
YMR151W	YIM2
YML009C	MRPL39
YMR070W	MOT3
YMR219W	ESC1
YMR280C	CAT8
YMR170C	ALD2
YMR123W	PKR1
YMR019W	STB4
YMR165C	PAH1
YMR010W	ANY1
YMR184W	ADD37
YML126C	ERG13
YMR107W	SPG4
YMR043W	MCM1
YMR270C	RRN9
YMR175W	SIP18
YMR035W	IMP2
YMR108W	ILV2
YML111W	BUL2
YMR278W	PRM15
YMR185W	RTP1
YMR258C	ROY1
YMR023C	MSS1
YMR291W	TDA1
YMR041C	ARA2
YMR029C	FAR8
YMR092C	AIP1
YMR138W	CIN4
YMR053C	STB2
YMR220W	ERG8
YML031W	NDC1
YML118W	NGL3
YML120C	NDI1
YMR078C	CTF18
YMR042W	ARG80
YMR251W	GTO3
YMR223W	UBP8
YMR256C	COX7
YMR214W	SCJ1
tP(UGG)M	SUF7
YMR055C	BUB2
YML117W	NAB6
YMR271C	URA10
YML110C	COQ5
YML007W	YAP1
YMR190C	SGS1
YMR225C	MRPL44
YMR264W	CUE1
YMR037C	MSN2
YML024W	RPS17A
YMR030W	RSF1
YMR238W	DFG5
YML061C	PIF1
YMR005W	TAF4
YMR054W	STV1
YML102W	CAC2
YMR194W	RPL36A
YMR164C	MSS11
YMR074C	SDD2
YML065W	ORC1
YMR243C	ZRC1
YMR145C	NDE1
YML071C	COG8
YMR015C	ERG5
YML070W	DAK1
YMR125W	STO1
YMR325W	PAU19
YML072C	TCB3
YML105C	SEC65
YMR069W	NAT4
YMR293C	HER2
YML124C	TUB3
YML029W	USA1
YMR171C	EAR1
YMR188C	MRPS17
YMR269W	TMA23
YMR128W	ECM16
YMR039C	SUB1
YMR230W	RPS10B
YMR267W	PPA2
YMR247C	RKR1
YMR152W	YIM1
YMR251W-A	HOR7
YMR146C	TIF34
YMR228W	MTF1
YMR032W	HOF1
YMR153W	NUP53
YMR056C	AAC1
YMR282C	AEP2
YMR234W	RNH1
YMR323W	ERR3
YMR062C	ARG7
YMR038C	CCS1
YMR049C	ERB1
YML067C	ERV41
YML107C	PML39
YMR231W	PEP5
YMR081C	ISF1
YML051W	GAL80
YMR314W	PRE5
YMR113W	FOL3
YMR263W	SAP30
YML034W	SRC1
YMR131C	RRB1
YMR034C	RCH1
YML103C	NUP188
YMR306W	FKS3
YMR169C	ALD3
YMR186W	HSC82
YML059C	NTE1
YML086C	ALO1
YMR013C	SEC59
YMR127C	SAS2
YMR212C	EFR3
YMR296C	LCB1
YMR101C	SRT1
YMR166C	MME1
YMR061W	RNA14
YMR288W	HSH155
YML116W	ATR1
YML130C	ERO1
YMR273C	ZDS1
YMR292W	GOT1
YMR137C	PSO2
YML076C	WAR1
YMR022W	UBC7
YML062C	MFT1
YML035C	AMD1
YMR173W	DDR48
YMR093W	UTP15
YML036W	CGI121
YMR307W	GAS1
YMR021C	MAC1
YMR135C	GID8
YMR121C	RPL15B
YMR129W	POM152
YML066C	SMA2
YBR293W	VBA2
YBR115C	LYS2
YBR031W	RPL4A
YBL108C-A	PAU9
YBR182C	SMP1
YBL037W	APL3
YBR019C	GAL10
YBR022W	POA1
YBR119W	MUD1
YBL022C	PIM1
YBR243C	ALG7
YBR234C	ARC40
YBR179C	FZO1
YBR247C	ENP1
YBR227C	MCX1
YBR218C	PYC2
YBR244W	GPX2
YBR160W	CDC28
YBL080C	PET112
YBR083W	TEC1
YBR294W	SUL1
YBR091C	TIM12
YBR158W	AMN1
YBR111W-A	SUS1
YBR229C	ROT2
YBR042C	CST26
YBR150C	TBS1
YBR298C	MAL31
YBR143C	SUP45
YBR014C	GRX7
YBR060C	ORC2
YBR180W	DTR1
YBL034C	STU1
YBR212W	NGR1
YBL074C	AAR2
YBL107C	MIX23
YBR097W	VPS15
YBR136W	MEC1
YBR039W	ATP3
YBL089W	AVT5
YBL067C	UBP13
YBR270C	BIT2
YBR087W	RFC5
YBR121C	GRS1
YBR026C	ETR1
YBR177C	EHT1
YBR176W	ECM31
YBR044C	TCM62
YBL068W	PRS4
YBR216C	YBP1
YBR271W	EFM2
YBR084W	MIS1
YBR065C	ECM2
YBR245C	ISW1
YBR085W	AAC3
YBR059C	AKL1
YBR068C	BAP2
YBR041W	FAT1
YBR252W	DUT1
YBL082C	ALG3
YBL002W	HTB2
YBL098W	BNA4
YBR117C	TKL2
YBR214W	SDS24
YBR169C	SSE2
YBR207W	FTH1
YBR155W	CNS1
YBL106C	SRO77
YBR237W	PRP5
YBR193C	MED8
YBR149W	ARA1
YBL063W	KIP1
YBR147W	RTC2
YBR246W	RRT2
YBR002C	RER2
YBR023C	CHS3
YBL088C	TEL1
YBL064C	PRX1
YBL007C	SLA1
YBL093C	ROX3
YBL091C	MAP2
YBR142W	MAK5
YBR047W	FMP23
YBR067C	TIP1
YBR010W	HHT1
YBL054W	TOD6
YBL060W	YEL1
YBR025C	OLA1
YBR040W	FIG1
YBR230C	OM14
YBL027W	RPL19B
YBR261C	TAE1
YBR034C	HMT1
YBR101C	FES1
YBL059C-A	CMC2
YBR255C-A	RCF3
YBL042C	FUI1
YBL039C	URA7
YBR217W	ATG12
YBL003C	HTA2
YBR069C	TAT1
YBR009C	HHF1
YBL038W	MRPL16
YBR081C	SPT7
YBR007C	DSF2
YBR146W	MRPS9
YBR171W	SEC66
YBR135W	CKS1
YBR264C	YPT10
YBR043C	QDR3
YBR131W	CCZ1
YBR233W-A	DAD3
YBR092C	PHO3
YBR126C	TPS1
YBR057C	MUM2
YBR086C	IST2
YBR281C	DUG2
YBL103C	RTG3
YBR159W	IFA38
YBR118W	TEF2
YBL004W	UTP20
YBR163W	EXO5
YBL013W	FMT1
YBR231C	SWC5
YBL066C	SEF1
YBR008C	FLR1
YBL015W	ACH1
YBR038W	CHS2
YBL018C	POP8
YBR253W	SRB6
YBR058C	UBP14
YBL084C	CDC27
YBR077C	SLM4
YBL087C	RPL23A
YBR098W	MMS4
YBR239C	ERT1
YBR168W	PEX32
YBL046W	PSY4
YBR003W	COQ1
YBR215W	HPC2
YBL025W	RRN10
YBR105C	VID24
YBR200W	BEM1
YBR248C	HIS7
YBR145W	ADH5
YBL047C	EDE1
YBL014C	RRN6
YBL092W	RPL32
YBR240C	THI2
YBR251W	MRPS5
YBR199W	KTR4
YBR128C	ATG14
YBR054W	YRO2
YBR072W	HSP26
YBR111C	YSA1
YBL001C	ECM15
YBR110W	ALG1
YBR033W	EDS1
YBR030W	RKM3
YBL076C	ILS1
YBR256C	RIB5
YBR162W-A	YSY6
YBR156C	SLI15
YBR297W	MAL33
YBR189W	RPS9B
YBR011C	IPP1
YBL041W	PRE7
YBR089C-A	NHP6B
YBR296C	PHO89
YBL040C	ERD2
YBR165W	UBS1
YBL026W	LSM2
YBR082C	UBC4
YBR280C	SAF1
YBR061C	TRM7
YBL016W	FUS3
YBR175W	SWD3
YBR029C	CDS1
YBL057C	PTH2
YBR192W	RIM2
YBR302C	COS2
YBR254C	TRS20
YBR204C	LDH1
YBR222C	PCS60
YBR290W	BSD2
YBR162C	TOS1
YBR167C	POP7
YBL033C	RIB1
YBR228W	SLX1
YBR263W	SHM1
YBR250W	SPO23
YBR272C	HSM3
YBR120C	CBP6
YBR084C-A	RPL19A
YBR301W	PAU24
YBR076W	ECM8
YBR210W	ERV15
YBR106W	PHO88
YBR005W	RCR1
YBR153W	RIB7
YBR132C	AGP2
YBR166C	TYR1
YBR161W	CSH1
YBR109C	CMD1
YBR255W	MTC4
YBR205W	KTR3
YBL043W	ECM13
YBR130C	SHE3
YBR122C	MRPL36
YBR295W	PCA1
YBR004C	GPI18
YBR202W	MCM7
YBR001C	NTH2
YBR288C	APM3
YBR282W	MRPL27
YBL072C	RPS8A
YBR103W	SIF2
YBR107C	IML3
YBL024W	NCL1
YBR188C	NTC20
YBL075C	SSA3
YBR102C	EXO84
YBR006W	UGA2
YBL051C	PIN4
YBR196C	PGI1
YBL031W	SHE1
YBR236C	ABD1
YBR276C	PPS1
YBR036C	CSG2
YBR045C	GIP1
YBR291C	CTP1
YBR079C	RPG1
YBR017C	KAP104
YBL023C	MCM2
YBR127C	VMA2
YBR152W	SPP381
YBR035C	PDX3
YBR289W	SNF5
YBL017C	PEP1
YBR157C	ICS2
YBL104C	SEA4
YBR195C	MSI1
YBR233W	PBP2
YBR020W	GAL1
YBR123C	TFC1
YBR221C	PDB1
YBL045C	COR1
YBR154C	RPB5
YBR278W	DPB3
YBR273C	UBX7
YBR048W	RPS11B
YBR104W	YMC2
YBL079W	NUP170
YBR265W	TSC10
YBR249C	ARO4
YBR203W	COS111
YBR170C	NPL4
YBR173C	UMP1
YBR133C	HSL7
YBR275C	RIF1
YBL085W	BOI1
YBL052C	SAS3
YBL009W	ALK2
YBR283C	SSH1
YBR094W	PBY1
YBR258C	SHG1
YBR201W	DER1
YBR070C	ALG14
YBR198C	TAF5
YBL056W	PTC3
YBL099W	ATP1
YBR257W	POP4
YBR126W-A	MEO1
YBL008W	HIR1
YBR181C	RPS6B
YBR052C	RFS1
YBR093C	PHO5
YBR049C	REB1
YBL030C	PET9
YBR141C	BMT2
YBL005W	PDR3
YBR151W	APD1
YBL090W	MRP21
YBL105C	PKC1
YBL102W	SFT2
YBL011W	SCT1
YBR095C	RXT2
YBL048W	RRT1
YBR066C	NRG2
YBR018C	GAL7
YBR194W	AIM4
YBR108W	AIM3
YBR046C	ZTA1
YBR235W	VHC1
YBR274W	CHK1
YBL006C	LDB7
YBR186W	PCH2
YBR185C	MBA1
YBL078C	ATG8
YBR037C	SCO1
YBR015C	MNN2
YBL071W-A	KTI11
YBR269C	SDH8
YBR266C	SLM6
YBR055C	PRP6
YBR088C	POL30
YBL019W	APN2
YBR112C	CYC8
YBR164C	ARL1
YBR148W	YSW1
YBL020W	RFT1
YBR208C	DUR1,2
YBR172C	SMY2
YBL097W	BRN1
YBR050C	REG2
YBR183W	YPC1
YBR213W	MET8
YBL091C-A	SCS22
YBR286W	APE3
YBR268W	MRPL37
YBR058C-A	TSC3
YBL061C	SKT5
YBR267W	REI1
YBR114W	RAD16
YBL032W	HEK2
YBR299W	MAL32
YBR191W	RPL21A
YBR125C	PTC4
YBL069W	AST1
YBR223C	TDP1
YBR187W	GDT1
YBL021C	HAP3
YBL049W	MOH1
YBL035C	POL12
YBL095W	MRX3
YBR073W	RDH54
YBR260C	RGD1
YBR279W	PAF1
YBR211C	AME1
YBR078W	ECM33
YBR028C	YPK3
YBR129C	OPY1
YBL050W	SEC17
YBR080C	SEC18
YBL058W	SHP1
YBL101C	ECM21
YBR140C	IRA1
YBR021W	FUR4
YBR024W	SCO2
YNR017W	TIM23
YNL105W	RRT16
YNR069C	BSC5
YNL306W	MRPS18
YNL288W	CAF40
YNL191W	DUG3
YNL097C	PHO23
YNL137C	NAM9
YNL331C	AAD14
YNL030W	HHF2
YNL297C	MON2
YNL102W	POL1
YNR026C	SEC12
YNL152W	INN1
YNL099C	OCA1
YNL182C	IPI3
YNL180C	RHO5
YNR001C	CIT1
YNL091W	NST1
YNL157W	IGO1
YNL315C	ATP11
YNL221C	POP1
YNR052C	POP2
YNL061W	NOP2
YNL284C	MRPL10
YNL246W	VPS75
YNL121C	TOM70
YNR055C	HOL1
YNL039W	BDP1
YNR036C	MRPS12
YNL304W	YPT11
YNL119W	NCS2
YNL187W	SWT21
YNL310C	ZIM17
YNL277W	MET2
YNL126W	SPC98
YNL210W	MER1
YNR041C	COQ2
YNL301C	RPL18B
YNL263C	YIF1
YNL059C	ARP5
YNL044W	YIP3
YNL026W	SAM50
YNL067W	RPL9B
YNL104C	LEU4
YNL169C	PSD1
YNL268W	LYP1
YNL162W	RPL42A
YNL257C	SIP3
YNL229C	URE2
YNL248C	RPA49
YNR045W	PET494
YNR051C	BRE5
YNL080C	EOS1
YNL145W	MFA2
YNL323W	LEM3
YNL003C	PET8
YNL199C	GCR2
YNL048W	ALG11
YNL072W	RNH201
YNL224C	SQS1
YNR032W	PPG1
YNL206C	RTT106
YNL273W	TOF1
YNL213C	RRG9
YNL055C	POR1
YNR013C	PHO91
YNL269W	BSC4
YNR020C	ATP23
YNL041C	COG6
YNL116W	DMA2
YNL008C	ASI3
YNL309W	STB1
YNR015W	SMM1
YNR075W	COS10
YNL025C	SSN8
YNL313C	EMW1
YNL094W	APP1
YNL001W	DOM34
YNL317W	PFS2
YNL007C	SIS1
YNR039C	ZRG17
YNL052W	COX5A
YNL002C	RLP7
YNL311C	SKP2
YNR007C	ATG3
YNL291C	MID1
YNL087W	TCB2
YNL029C	KTR5
YNR028W	CPR8
YNL009W	IDP3
YNL024C-A	KSH1
YNL334C	SNO2
YNL295W	MRX6
YNL192W	CHS1
YNL149C	PGA2
YNL071W	LAT1
YNL308C	KRI1
YNL239W	LAP3
YNL275W	BOR1
YNL117W	MLS1
YNL086W	SNN1
YNR070W	PDR18
YNR067C	DSE4
YNL305C	BXI1
YNL015W	PBI2
YNL063W	MTQ1
YNL294C	RIM21
YNR046W	TRM112
YNL167C	SKO1
YNL280C	ERG24
YNR002C	ATO2
YNL036W	NCE103
YNL075W	IMP4
YNR058W	BIO3
YNL054W	VAC7
YNR006W	VPS27
YNL261W	ORC5
YNL188W	KAR1
YNL211C	MRX7
YNL201C	PSY2
YNR033W	ABZ1
YNR034W	SOL1
YNL272C	SEC2
YNL245C	CWC25
YNR074C	AIF1
YNL123W	NMA111
YNR016C	ACC1
YNL223W	ATG4
YNR032C-A	HUB1
YNL133C	FYV6
YNL178W	RPS3
YNL065W	AQR1
YNR043W	MVD1
YNL021W	HDA1
YNL124W	NAF1
YNL312W	RFA2
YNL251C	NRD1
YNL299W	TRF5
YNR049C	MSO1
YNL163C	RIA1
YNR073C	MAN2
YNL127W	FAR11
YNL118C	DCP2
YNL189W	SRP1
YNL290W	RFC3
YNL250W	RAD50
YNL314W	DAL82
YNL227C	JJJ1
YNL218W	MGS1
YNL004W	HRB1
YNR023W	SNF12
YNL233W	BNI4
YNL155W	CUZ1
YNL020C	ARK1
YNL076W	MKS1
YNL200C	NNR1
YNL177C	MRPL22
YNL077W	APJ1
YNL293W	MSB3
YNL098C	RAS2
YNR004W	SWM2
YNL049C	SFB2
YNR019W	ARE2
YNL031C	HHT2
YNL214W	PEX17
YNL006W	LST8
YNR030W	ALG12
YNL038W	GPI15
YNL090W	RHO2
YNL151C	RPC31
YNL254C	RTC4
YNR008W	LRO1
YNR038W	DBP6
YNL307C	MCK1
YNL131W	TOM22
YNL265C	IST1
YNL175C	NOP13
YNL042W	BOP3
YNL022C	RCM1
YNL056W	OCA2
YNL329C	PEX6
YNL074C	MLF3
YNL093W	YPT53
YNR047W	FPK1
YNL183C	NPR1
YNL238W	KEX2
YNL154C	YCK2
YNL267W	PIK1
YNL014W	HEF3
YNL078W	NIS1
YNL209W	SSB2
YNL253W	TEX1
YNL173C	MDG1
YNL066W	SUN4
YNL321W	VNX1
YNR054C	ESF2
YNR072W	HXT17
YNR076W	PAU6
YNR031C	SSK2
YNL110C	NOP15
YNL232W	CSL4
YNL262W	POL2
YNL142W	MEP2
YNL129W	NRK1
YNL005C	MRP7
YNL335W	DDI3
YNL240C	NAR1
YNL318C	HXT14
YNL256W	FOL1
YNL012W	SPO1
YNL130C-A	DGR1
YNL107W	YAF9
YNL332W	THI12
YNL023C	FAP1
YNR056C	BIO5
YNL186W	UBP10
YNL153C	GIM3
YNL130C	CPT1
YNL088W	TOP2
YNL216W	RAP1
YNL252C	MRPL17
YNL181W	PBR1
YNL197C	WHI3
YNL064C	YDJ1
YNL202W	SPS19
YNL283C	WSC2
YNL147W	LSM7
YNL286W	CUS2
YNL322C	KRE1
YNL158W	PGA1
YNL168C	FMP41
YNL259C	ATX1
YNR022C	MRPL50
YNL068C	FKH2
YNL037C	IDH1
YNL085W	MKT1
YNL051W	COG5
YNL148C	ALF1
YNL255C	GIS2
YNL070W	TOM7
YNL271C	BNI1
YNR018W	RCF2
YNL327W	EGT2
YNL236W	SIN4
YNL053W	MSG5
YNL281W	HCH1
YNL279W	PRM1
YNL156C	NSG2
YNL260C	LTO1
YNL222W	SSU72
YNR059W	MNT4
YNR044W	AGA1
YNL225C	CNM67
YNL215W	IES2
YNL326C	PFA3
YNR009W	NRM1
YNL292W	PUS4
YNL242W	ATG2
YNR057C	BIO4
tG(UCC)N	SUF6
YNL166C	BNI5
YNL111C	CYB5
YNL069C	RPL16B
YNL128W	TEP1
YNL300W	TOS6
YNR050C	LYS9
YNL138W	SRV2
YNL302C	RPS19B
YNL045W	LAP2
YNL125C	ESBP6
YNL207W	RIO2
YNR011C	PRP2
YNL241C	ZWF1
YNL112W	DBP2
YNL249C	MPA43
YNL270C	ALP1
YNL073W	MSK1
YNL082W	PMS1
YNR034W-A	EGO4
YNL138W-A	YSF3
YNL196C	SLZ1
YNL101W	AVT4
YNR012W	URK1
YNL237W	YTP1
YNL084C	END3
YNL289W	PCL1
YNR053C	NOG2
tP(AGG)N	SUF10
YNL231C	PDR16
YNL230C	ELA1
YNL258C	DSL1
YNL328C	MDJ2
YNL081C	SWS2
YNR037C	RSM19
YNL339C	YRF1-6
YNR060W	FRE4
YNL287W	SEC21
YNL096C	RPS7B
YNL282W	POP3
YNL047C	SLM2
YNL139C	THO2
YNL298W	CLA4
YNL113W	RPC19
YNR003C	RPC34
YNL316C	PHA2
YNL016W	PUB1
YNL330C	RPD3
YNR010W	CSE2
YNL172W	APC1
YNL132W	KRE33
YNR027W	BUD17
YNL083W	SAL1
YNL164C	IBD2
YNL274C	GOR1
YNL176C	TDA7
YNR035C	ARC35
YNL160W	YGP1
YNR024W	MPP6
YNL024C	EFM6
YNL141W	AAH1
YNL204C	SPS18
YNL106C	INP52
YNL161W	CBK1
YNL062C	GCD10
YNL325C	FIG4
YNL032W	SIW14
YNL135C	FPR1
YNL212W	VID27
YNL243W	SLA2
YNL103W	MET4
YNL333W	SNZ2
YNL027W	CRZ1
YNL278W	CAF120
YNL159C	ASI2
YNL220W	ADE12
YNL336W	COS1
YNL264C	PDR17
YNL136W	EAF7
YNL185C	MRPL19
YNL219C	ALG9
YNL079C	TPM1
YNL244C	SUI1
YJL160C	PIR5
YJL204C	RCY1
YJR105W	ADO1
YJR129C	EFM3
YJL139C	YUR1
YJL062W-A	COA3
YJL110C	GZF3
YJR088C	EMC2
YJR046W	TAH11
YJL020C	BBC1
YJL187C	SWE1
YJR131W	MNS1
YJL133W	MRS3
YJR053W	BFA1
YJR044C	VPS55
YJR100C	AIM25
YJR067C	YAE1
YJR130C	STR2
YJR069C	HAM1
YJL186W	MNN5
YJL008C	CCT8
YJL061W	NUP82
YJR040W	GEF1
YJL189W	RPL39
YJR005W	APL1
YJL006C	CTK2
YJR150C	DAN1
YJL103C	GSM1
YJL156C	SSY5
YJL185C	ATG36
YJR138W	IML1
YJL108C	PRM10
YJR049C	UTR1
YJR008W	MHO1
YJR002W	MPP10
YJR145C	RPS4A
YJR048W	CYC1
YJR009C	TDH2
YJL173C	RFA3
YJR014W	TMA22
YJR135W-A	TIM8
YJR045C	SSC1
YJL176C	SWI3
YJL159W	HSP150
YJL030W	MAD2
YJL047C	RTT101
YJL194W	CDC6
YJR108W	ABM1
YJL199C	MBB1
YJL216C	IMA5
YJL011C	RPC17
YJR060W	CBF1
YJR119C	JHD2
YJR092W	BUD4
YJL051W	IRC8
YJL010C	NOP9
YJL084C	ALY2
YJR030C	RBH2
YJL221C	IMA4
YJR140C	HIR3
YJR161C	COS5
YJL136C	RPS21B
YJL146W	IDS2
YJL060W	BNA3
YJL117W	PHO86
YJL149W	DAS1
YJR063W	RPA12
YJL164C	TPK1
YJL223C	PAU1
YJL079C	PRY1
YJL106W	IME2
YJL171C	TOH1
YJL058C	BIT61
YJL172W	CPS1
YJL093C	TOK1
YJR153W	PGU1
YJL179W	PFD1
YJR080C	AIM24
YJL037W	IRC18
YJL104W	PAM16
YJL050W	MTR4
YJL002C	OST1
YJR034W	PET191
YJR019C	TES1
YJR093C	FIP1
YJL201W	ECM25
YJL161W	FMP33
YJR021C	REC107
YJL029C	VPS53
YJR010W	MET3
YJR144W	MGM101
YJL073W	JEM1
YJR094W-A	RPL43B
YJL052W	TDH1
YJR139C	HOM6
YJR158W	HXT16
YJL089W	SIP4
YJR007W	SUI2
YJR065C	ARP3
YJL019W	MPS3
YJR082C	EAF6
YJL181W	RBH1
YJR095W	SFC1
YJR086W	STE18
YJL077C	ICS3
YJR006W	POL31
YJR072C	NPA3
YJL184W	GON7
YJR133W	XPT1
YJR025C	BNA1
YJL095W	BCK1
YJR147W	HMS2
YJL012C	VTC4
YJR121W	ATP2
YJL145W	SFH5
YJL153C	INO1
YJL088W	ARG3
YJR064W	CCT5
YJL137C	GLG2
YJL074C	SMC3
YJL111W	CCT7
YJL158C	CIS3
YJR016C	ILV3
YJR099W	YUH1
YJL208C	NUC1
YJL048C	UBX6
YJL197W	UBP12
YJR074W	MOG1
YJL078C	PRY3
YJL165C	HAL5
YJR117W	STE24
YJR057W	CDC8
YJR160C	MPH3
YJL134W	LCB3
YJL219W	HXT9
YJL081C	ARP4
YJL054W	TIM54
YJR137C	MET5
YJL038C	LOH1
YJL072C	PSF2
YJR152W	DAL5
YJL142C	IRC9
YJL192C	SOP4
YJR001W	AVT1
YJR110W	YMR1
YJL190C	RPS22A
YJL099W	CHS6
YJL090C	DPB11
YJL085W	EXO70
YJR109C	CPA2
YJL167W	ERG20
tM(CAU)J3	IMT3
YJL127C	SPT10
YJR004C	SAG1
YJL036W	SNX4
YJL168C	SET2
YJR036C	HUL4
YJL162C	JJJ2
YJR106W	ECM27
YJR043C	POL32
YJR066W	TOR1
YJL001W	PRE3
YJL212C	OPT1
YJL024C	APS3
YJR125C	ENT3
YJR051W	OSM1
YJR050W	ISY1
YJR136C	TTI2
YJL200C	ACO2
YJL188C	BUD19
YJL170C	ASG7
YJL129C	TRK1
YJR112W	NNF1
YJR103W	URA8
YJL044C	GYP6
YJL157C	FAR1
YJL034W	KAR2
YJL183W	MNN11
YJR031C	GEA1
YJL066C	MPM1
YJR077C	MIR1
YJR010C-A	SPC1
YJR033C	RAV1
YJL112W	MDV1
YJL039C	NUP192
YJL180C	ATP12
YJL147C	MRX5
YJR116W	TDA4
YJL025W	RRN7
YJR062C	NTA1
YJR090C	GRR1
YJR035W	RAD26
YJL174W	KRE9
YJL203W	PRP21
YJL014W	CCT3
YJR075W	HOC1
YJR052W	RAD7
YJR126C	VPS70
tL(UAA)J	SUP51
YJL005W	CYR1
YJL100W	LSB6
YJR076C	CDC11
YJL217W	REE1
YJR059W	PTK2
YJL143W	TIM17
YJL059W	YHC3
YJR078W	BNA2
tM(CAU)J2	EMT3
YJL207C	LAA1
YJL125C	GCD14
YJL198W	PHO90
YJL122W	ALB1
YJR073C	OPI3
YJR143C	PMT4
YJL131C	AIM23
YJL177W	RPL17B
YJR032W	CPR7
YJR151C	DAN4
YJR024C	MDE1
YJL140W	RPB4
YJR068W	RFC2
YJR017C	ESS1
YJR058C	APS2
YJR101W	RSM26
YJL026W	RNR2
YJL096W	MRPL49
tM(CAU)J1	EMT5
tR(CCU)J	HSX1
YJR156C	THI11
YJL063C	MRPL8
YJR159W	SOR1
YJR094C	IME1
tG(GCC)J2	SUF23
YJL101C	GSH1
YJL056C	ZAP1
tY(GUA)J1	SUP7
YJR041C	URB2
YJL080C	SCP160
YJR091C	JSN1
YJR013W	GPI14
YJL222W	VTH2
YJL121C	RPE1
YJL138C	TIF2
YJR047C	ANB1
YJL151C	SNA3
YJL057C	IKS1
YJL130C	URA2
YJL069C	UTP18
YJL091C	GWT1
YJL033W	HCA4
YJR122W	IBA57
YJL041W	NSP1
YJL065C	DLS1
YJR148W	BAT2
YJL123C	MTC1
YJL046W	AIM22
YJR123W	RPS5
YJR118C	ILM1
YJL071W	ARG2
YJR102C	VPS25
YJL004C	SYS1
YJL155C	FBP26
YJL154C	VPS35
YJR107W	LIH1
YJL035C	TAD2
YJR089W	BIR1
YJL042W	MHP1
YJL115W	ASF1
YJR003C	MRX12
YJL116C	NCA3
YJL053W	PEP8
YJL124C	LSM1
YJR104C	SOD1
YJL105W	SET4
YJR070C	LIA1
YJR097W	JJJ3
YJL126W	NIT2
YJL214W	HXT8
YJL166W	QCR8
YJL023C	PET130
YJL094C	KHA1
YJR054W	KCH1
YJR141W	IPA1
YJL191W	RPS14B
YJR135C	MCM22
YJL049W	CHM7
YJR155W	AAD10
YJL109C	UTP10
YJL013C	MAD3
YJL141C	YAK1
YJL178C	ATG27
YJR022W	LSM8
YJL062W	LAS21
YJL082W	IML2
YJL098W	SAP185
YJL196C	ELO1
YJL003W	COX16
YJL075C	APQ13
YJL205C	NCE101
YJR113C	RSM7
YJR111C	PXP2
YJR055W	HIT1
tY(GUA)J2	SUP4
YJL148W	RPA34
YJL097W	PHS1
YJL031C	BET4
YJR132W	NMD5
YJL092W	SRS2
YJL083W	TAX4
YJL102W	MEF2
YJR083C	ACF4
YJL128C	PBS2
YJR005C-A	LSO1
YJR042W	NUP85
YJL209W	CBP1
YJL087C	TRL1
YJR127C	RSF2
YJL210W	PEX2
YJR134C	SGM1
YJL076W	NET1
tT(CGU)K	TRT2
YKR004C	ECM9
YKR092C	SRP40
YKL002W	DID4
YKL173W	SNU114
YKL061W	BLI1
YKL139W	CTK1
YKL180W	RPL17A
YKL004W	AUR1
YKL143W	LTV1
YKL062W	MSN4
YKL172W	EBP2
YKR014C	YPT52
YKL149C	DBR1
YKR099W	BAS1
YKL110C	KTI12
YKL094W	YJU3
YKR094C	RPL40B
YKR058W	GLG1
YKR052C	MRS4
YKL157W	APE2
YKR062W	TFA2
YKR087C	OMA1
YKR038C	KAE1
YKR048C	NAP1
YKL096W-A	CWP2
YKL014C	URB1
YKR082W	NUP133
YKL126W	YPK1
YKR072C	SIS2
YKL074C	MUD2
YKL087C	CYT2
YKL018W	SWD2
YKL135C	APL2
YKL112W	ABF1
YKR085C	MRPL20
YKR102W	FLO10
YKL217W	JEN1
YKR044W	UIP5
YKR080W	MTD1
YKR068C	BET3
YKR027W	BCH2
YKL081W	TEF4
YKR022C	NTR2
YKL198C	PTK1
YKR007W	MEH1
YKR001C	VPS1
YKR025W	RPC37
YKL124W	SSH4
YKR095W	MLP1
YKL129C	MYO3
YKL100C	YPF1
YKL041W	VPS24
YKL221W	MCH2
YKR074W	AIM29
YKL138C	MRPL31
YKL024C	URA6
YKL086W	SRX1
YKL073W	LHS1
YKR006C	MRPL13
YKL034W	TUL1
YKL104C	GFA1
YKL191W	DPH2
YKR042W	UTH1
YKR013W	PRY2
YKR101W	SIR1
YKL039W	PTM1
YKL214C	YRA2
YKL155C	RSM22
YKL116C	PRR1
YKR089C	TGL4
YKR079C	TRZ1
YKL027W	TCD2
YKL035W	UGP1
YKL084W	HOT13
YKR066C	CCP1
YKL117W	SBA1
YKL140W	TGL1
YKL007W	CAP1
YKL051W	SFK1
YKL022C	CDC16
YKL021C	MAK11
YKL148C	SDH1
YKL038W	RGT1
YKL125W	RRN3
YKL048C	ELM1
YKR093W	PTR2
YKL201C	MNN4
YKL224C	PAU16
YKR103W	NFT1
YKR024C	DBP7
YKR056W	TRM2
YKL203C	TOR2
YKR054C	DYN1
YKR057W	RPS21A
YKL122C	SRP21
YKR100C	SKG1
YKR083C	DAD2
YKL189W	HYM1
YKL113C	RAD27
YKL213C	DOA1
YKL154W	SRP102
YKR063C	LAS1
YKL163W	PIR3
YKL174C	TPO5
YKL134C	OCT1
YKL005C	BYE1
YKL006W	RPL14A
YKL187C	FAT3
YKR035W-A	DID2
YKL182W	FAS1
YKL099C	UTP11
YKL179C	COY1
YKL047W	ANR2
YKL049C	CSE4
YKL220C	FRE2
YKL183W	LOT5
YKL181W	PRS1
YKL088W	CAB3
YKL209C	STE6
YKR019C	IRS4
YKL166C	TPK3
YKL016C	ATP7
YKR086W	PRP16
YKL141W	SDH3
YKL065C	YET1
YKL013C	ARC19
YKL040C	NFU1
YKR061W	KTR2
YKL096W	CWP1
YKR050W	TRK2
YKL170W	MRPL38
YKR046C	PET10
YKL210W	UBA1
YKR002W	PAP1
YKL015W	PUT3
YKL009W	MRT4
YKL108W	SLD2
YKR097W	PCK1
YKL206C	ADD66
YKL195W	MIA40
YKL130C	SHE2
YKL064W	MNR2
YKR026C	GCN3
YKL076C	PSY1
YKL188C	PXA2
YKL196C	YKT6
YKR105C	VBA5
YKL109W	HAP4
YKR071C	DRE2
YKL168C	KKQ8
YKR090W	PXL1
YKR036C	CAF4
YKR084C	HBS1
YKL216W	URA1
YKR055W	RHO4
YKL219W	COS9
YKL020C	SPT23
YKL178C	STE3
YKL067W	YNK1
YKL095W	YJU2
YKR031C	SPO14
YKR088C	TVP38
YKL151C	NNR2
YKL105C	SEG2
YKL150W	MCR1
YKL138C-A	HSK3
YKL082C	RRP14
YKR021W	ALY1
YKR059W	TIF1
YKR069W	MET1
YKR053C	YSR3
YKL218C	SRY1
YKL167C	MRP49
YKL142W	MRP8
YKL011C	CCE1
YKL160W	ELF1
YKL144C	RPC25
YKL055C	OAR1
YKR043C	SHB17
YKR039W	GAP1
YKL019W	RAM2
YKL184W	SPE1
YKR029C	SET3
YKL176C	LST4
YKL090W	CUE2
YKL010C	UFD4
YKL032C	IXR1
YKR098C	UBP11
YKL175W	ZRT3
YKL120W	OAC1
YKL092C	BUD2
YKL068W	NUP100
YKR009C	FOX2
YKR028W	SAP190
YKR076W	ECM4
YKR106W	GEX2
YKL197C	PEX1
YKL152C	GPM1
YKL093W	MBR1
YKL080W	VMA5
YKL185W	ASH1
YKR081C	RPF2
YKR035C	OPI8
YKL101W	HSL1
YKR008W	RSC4
YKL056C	TMA19
YKL156W	RPS27A
YKL192C	ACP1
YKR064W	OAF3
YKL017C	HCS1
YKL204W	EAP1
YKL190W	CNB1
YKL211C	TRP3
YKL127W	PGM1
YKR049C	FMP46
YKL052C	ASK1
YKL053C-A	MDM35
YKL121W	DGR2
YKL194C	MST1
YKR037C	SPC34
YKL059C	MPE1
YKL205W	LOS1
YKL137W	CMC1
YKL146W	AVT3
YKR003W	OSH6
YKL028W	TFA1
YKR010C	TOF2
YKL193C	SDS22
YKL212W	SAC1
YKL054C	DEF1
YKR096W	ESL2
YKL006C-A	SFT1
YKL164C	PIR1
YKL026C	GPX1
YKL044W	MMO1
YKL089W	MIF2
YKR077W	MSA2
YKR095W-A	PCC1
YKL079W	SMY1
YKL161C	KDX1
YKL159C	RCN1
YKR030W	GMH1
YKL037W	AIM26
YKL042W	SPC42
YKR020W	VPS51
YKL012W	PRP40
YKL106W	AAT1
YKR065C	PAM17
YKL043W	PHD1
YKL045W	PRI2
YKR060W	UTP30
YKL085W	MDH1
YKL165C	MCD4
YKL003C	MRP17
YKL072W	STB6
YKL186C	MTR2
YKL132C	RMA1
YKL078W	DHR2
YKL001C	MET14
YKL046C	DCW1
YKR017C	HEL1
YKL058W	TOA2
YKL208W	CBT1
YKR034W	DAL80
YKL060C	FBA1
YKR091W	SRL3
YKL171W	NNK1
YKL025C	PAN3
YKL215C	OXP1
YKL033W	TTI1
YKR067W	GPT2
YKL098W	MTC2
YKL114C	APN1
YKL145W	RPT1
YKL057C	NUP120
YKL128C	PMU1
YKL008C	LAC1
YKL029C	MAE1
YKL119C	VPH2
YEL041W	YEF1
YER011W	TIR1
YER056C-A	RPL34A
YEL054C	RPL12A
YER146W	LSM5
YER159C	BUR6
YER183C	FAU1
YEL059C-A	SOM1
YER172C	BRR2
YER092W	IES5
YEL032W	MCM3
YEL040W	UTR2
YEL059W	HHY1
YER105C	NUP157
YEL053C	MAK10
YEL046C	GLY1
YER013W	PRP22
YEL036C	ANP1
YER094C	PUP3
YER038C	KRE29
YEL034W	HYP2
YER144C	UBP5
YER069W	ARG5,6
YEL066W	HPA3
YER161C	SPT2
YER131W	RPS26B
YER027C	GAL83
YER002W	NOP16
YEL062W	NPR2
YER142C	MAG1
YER035W	EDC2
YER145C	FTR1
YER176W	ECM32
YER071C	TDA2
YER150W	SPI1
YER177W	BMH1
YER123W	YCK3
YEL018W	EAF5
YER116C	SLX8
YER043C	SAH1
YEL004W	YEA4
YER141W	COX15
YER170W	ADK2
YER047C	SAP1
YER132C	PMD1
YER080W	AIM9
YER052C	HOM3
YER070W	RNR1
YEL007W	MIT1
YER115C	SPR6
YEL021W	URA3
YEL026W	SNU13
YER040W	GLN3
YEL016C	NPP2
YER012W	PRE1
YER190W	YRF1-2
YER185W	PUG1
YEL060C	PRB1
YEL052W	AFG1
YER149C	PEA2
YER111C	SWI4
YER081W	SER3
YER018C	SPC25
YER072W	VTC1
YER093C	TSC11
YER178W	PDA1
YER030W	CHZ1
YER128W	VFA1
YER003C	PMI40
YER163C	GCG1
YEL005C	VAB2
YER173W	RAD24
YEL065W	SIT1
YEL055C	POL5
YER029C	SMB1
YER089C	PTC2
YER179W	DMC1
YEL011W	GLC3
YER166W	DNF1
YER061C	CEM1
YER082C	UTP7
YER118C	SHO1
YER107C	GLE2
YER020W	GPA2
YER125W	RSP5
YER122C	GLO3
YER038W-A	FMP49
YER057C	HMF1
YEL033W	MTC7
YER006W	NUG1
YER007W	PAC2
YEL002C	WBP1
YEL064C	AVT2
YER103W	SSA4
YER007C-A	TMA20
YER093C-A	AIM11
YER120W	SCS2
YER033C	ZRG8
YER054C	GIP2
YER164W	CHD1
YER139C	RTR1
YEL042W	GDA1
tS(UGA)E	SUP19
YER008C	SEC3
YER114C	BOI2
YER014W	HEM14
YER143W	DDI1
YER028C	MIG3
YER048C	CAJ1
YER044C	ERG28
YEL039C	CYC7
YER053C	PIC2
YER155C	BEM2
YER050C	RSM18
YER031C	YPT31
YER037W	PHM8
YEL049W	PAU2
YEL006W	YEA6
YER100W	UBC6
YER015W	FAA2
YER129W	SAK1
YEL072W	RMD6
YER048W-A	ISD11
YER051W	JHD1
YER171W	RAD3
YER078C	ICP55
YER169W	RPH1
YEL003W	GIM4
YEL017C-A	PMP2
YER133W	GLC7
YER060W	FCY21
YER022W	SRB4
YER157W	COG3
YER014C-A	BUD25
YEL038W	UTR4
YER066W	RRT13
YER098W	UBP9
YEL035C	UTR5
YER063W	THO1
YER127W	LCP5
YER154W	OXA1
YER032W	FIR1
YER180C-A	SLO1
YEL071W	DLD3
YEL057C	SDD1
YEL069C	HXT13
YER096W	SHC1
YER017C	AFG3
YEL019C	MMS21
YER009W	NTF2
YER104W	RTT105
YER067W	RGI1
YER044C-A	MEI4
YER101C	AST2
YER019C-A	SBH2
YEL050C	RML2
YER016W	BIM1
YER024W	YAT2
YER023W	PRO3
YER136W	GDI1
YER151C	UBP3
YEL029C	BUD16
YER065C	ICL1
YER147C	SCC4
YER064C	VHR2
YER119C	AVT6
YER068W	MOT2
YER130C	COM2
YEL015W	EDC3
YER153C	PET122
YER113C	TMN3
YEL030W	ECM10
YER083C	GET2
YER167W	BCK2
YER005W	YND1
YER102W	RPS8B
YER046W	SPO73
YEL031W	SPF1
YER075C	PTP3
YER073W	ALD5
YEL027W	VMA3
YEL024W	RIP1
YER049W	TPA1
YEL037C	RAD23
YER088C	DOT6
YER175C	TMT1
YER021W	RPN3
YER004W	FMP52
YEL017W	GTT3
YER106W	MAM1
YER117W	RPL23B
YER168C	CCA1
YER124C	DSE1
YER095W	RAD51
YER045C	ACA1
YER086W	ILV1
YER148W	SPT15
YEL022W	GEA2
YEL001C	IRC22
YER056C	FCY2
YER087C-B	SBH1
YEL013W	VAC8
YER074W	RPS24A
YEL063C	CAN1
YEL051W	VMA8
YEL061C	CIN8
YER059W	PCL6
YER140W	EMP65
YEL056W	HAT2
YER036C	ARB1
YEL009C	GCN4
tM(CAU)E	IMT4
YER162C	RAD4
YER090W	TRP2
YER074W-A	YOS1
YER041W	YEN1
YER112W	LSM4
YER174C	GRX4
YER026C	CHO1
YER099C	PRS2
YEL048C	TCA17
YEL070W	DSF1
YER025W	GCD11
YER126C	NSA2
YER182W	FMP10
YER165W	PAB1
YEL058W	PCM1
YER060W-A	FCY22
YER184C	TOG1
YEL012W	UBC8
YEL020W-A	TIM9
YER077C	MRX1
YER039C	HVG1
YER042W	MXR1
YER019W	ISC1
YER058W	PET117
YER110C	KAP123
YER001W	MNN1
YEL020C	PXP1
YEL044W	IES6
YER180C	ISC10
YER087W	AIM10
YER055C	HIS1
YER091C	MET6
YHR094C	HXT1
YHL031C	GOS1
YHL002W	HSE1
YHR084W	STE12
YHR126C	ANS1
YHR206W	SKN7
YHR005C-A	TIM10
YHR007C	ERG11
YHR184W	SSP1
YHR132C	ECM14
YHR025W	THR1
YHR055C	CUP1-2
YHR073W	OSH3
YHR064C	SSZ1
YHR143W	DSE2
YHL047C	ARN2
YHR003C	TCD1
YHL032C	GUT1
YHR154W	RTT107
YHR031C	RRM3
YHR106W	TRR2
YHR186C	KOG1
YHL029C	OCA5
YHR048W	YHK8
YHR039C-A	VMA10
YHR035W	NEL1
YHR165C	PRP8
YHL006C	SHU1
YHL025W	SNF6
YHR172W	SPC97
YHR002W	LEU5
YHR016C	YSC84
YHR079C	IRE1
YHR169W	DBP8
YHR065C	RRP3
YHR088W	RPF1
YHR093W	AHT1
YHL036W	MUP3
YHR100C	GEP4
YHR105W	YPT35
YHR056C	RSC30
YHR135C	YCK1
YHR086W	NAM8
YHR146W	CRP1
YHR195W	NVJ1
YHR119W	SET1
YHR024C	MAS2
YHL043W	ECM34
YHL039W	EFM1
YHR059W	FYV4
YHR026W	VMA16
YHR160C	PEX18
YHR085W	IPI1
YHR113W	APE4
YHR175W	CTR2
YHR148W	IMP3
YHR208W	BAT1
YHR001W	OSH7
YHR141C	RPL42B
YHR170W	NMD3
YHL021C	AIM17
YHR161C	YAP1801
YHR074W	QNS1
YHR164C	DNA2
YHR204W	MNL1
YHR163W	SOL3
YHL046C	PAU13
YHL004W	MRP4
YHL009C	YAP3
YHR166C	CDC23
YHR151C	MTC6
YHL014C	YLF2
YHR021C	RPS27B
YHR198C	AIM18
YHL034C	SBP1
YHR124W	NDT80
YHR011W	DIA4
YHR096C	HXT5
YHR185C	PFS1
YHR190W	ERG9
YHR075C	PPE1
YHR117W	TOM71
YHR109W	CTM1
YHR207C	SET5
YHR132W-A	IGO2
YHR015W	MIP6
YHL015W	RPS20
YHR090C	YNG2
YHR189W	PTH1
YHR001W-A	QCR10
YHR108W	GGA2
YHR006W	STP2
YHR147C	MRPL6
YHR092C	HXT4
YHR080C	LAM4
YHL027W	RIM101
YHL003C	LAG1
YHR070W	TRM5
YHR150W	PEX28
YHR133C	NSG1
YHR215W	PHO12
YHL020C	OPI1
YHR101C	BIG1
YHR046C	INM1
YHR098C	SFB3
YHR120W	MSH1
YHL030W	ECM29
YHR051W	COX6
YHR149C	SKG6
YHR194W	MDM31
YHR203C	RPS4B
YHR168W	MTG2
YHR167W	THP2
YHR050W	SMF2
YHR027C	RPN1
YHR188C	GPI16
YHL023C	NPR3
YHR099W	TRA1
YHR196W	UTP9
YHR174W	ENO2
YHR199C-A	NBL1
YHR034C	PIH1
YHR179W	OYE2
YHR014W	SPO13
YHR171W	ATG7
YHR121W	LSM12
YHR116W	COX23
YHR087W	RTC3
YHR176W	FMO1
YHL010C	ETP1
YHR102W	KIC1
YHR063C	PAN5
YHL035C	VMR1
YHR043C	DOG2
YHR115C	DMA1
YHL007C	STE20
YHR018C	ARG4
YHR076W	PTC7
YHL019C	APM2
YHR061C	GIC1
YHR068W	DYS1
YHR037W	PUT2
YHR012W	VPS29
YHR144C	DCD1
YHR077C	NMD2
YHR156C	LIN1
YHR036W	BRL1
YHR091C	MSR1
YHR052W	CIC1
YHR123W	EPT1
YHR009C	TDA3
YHR211W	FLO5
YHR155W	LAM1
YHR139C	SPS100
YHR072W-A	NOP10
YHR044C	DOG1
YHL016C	DUR3
tP(UGG)H	SUF8
YHR019C	DED81
YHR104W	GRE3
YHR083W	SAM35
YHL022C	SPO11
YHR032W	ERC1
YHR008C	SOD2
YHL038C	CBP2
YHR081W	LRP1
YHL028W	WSC4
YHL033C	RPL8A
YHR066W	SSF1
YHR029C	YHI9
YHR178W	STB5
YHR040W	BCD1
YHR192W	LNP1
YHR017W	YSC83
YHR004C	NEM1
YHL040C	ARN1
YHR191C	CTF8
YHR201C	PPX1
YHR103W	SBE22
YHR153C	SPO16
YHR082C	KSP1
YHR057C	CPR2
YHL024W	RIM4
YHR128W	FUR1
YHR047C	AAP1
YHR197W	RIX1
YHR028C	DAP2
YHR134W	WSS1
YHR122W	CIA2
YHR067W	HTD2
YHR013C	ARD1
YHR137W	ARO9
YHR158C	KEL1
YHR038W	RRF1
YHR042W	NCP1
YHR041C	SRB2
YHR069C	RRP4
YHR200W	RPN10
YHR053C	CUP1-1
YHR021W-A	ECM12
YHR114W	BZZ1
YHR039C	MSC7
YHR152W	SPO12
YHL011C	PRS3
YHR129C	ARP1
YHR199C	AIM46
YHR159W	TDA11
YHR193C	EGD2
YHR030C	SLT2
YHR162W	MPC2
YHR089C	GAR1
YHR010W	RPL27A
YHR079C-A	SAE3
YHR005C	GPA1
YHR187W	IKI1
YHR183W	GND1
YHR205W	SCH9
YHR111W	UBA4
YHR049W	FSH1
YHR072W	ERG7
YHR209W	CRG1
YHR107C	CDC12
YHR071W	PCL5
YHR216W	IMD2
YHL013C	OTU2
YHR060W	VMA22
YHR143W-A	RPC10
YHR142W	CHS7
YHR058C	MED6
YHR118C	ORC6
YHL048W	COS8
YHR157W	REC104
YHR110W	ERP5
YHR023W	MYO1
YHR062C	RPP1
YHR136C	SPL2
YHL001W	RPL14B
YHR181W	SVP26
YIR015W	RPR2
YIL146C	ATG32
YIL010W	DOT5
YIL117C	PRM5
YIL050W	PCL7
YIL107C	PFK26
YIL150C	MCM10
YIL045W	PIG2
YIL126W	STH1
YIL158W	AIM20
YIR018W	YAP5
YIR039C	YPS6
YIL056W	VHR1
tS(UGA)I	SUP17
YIL119C	RPI1
YIL016W	SNL1
YIL026C	IRR1
YIL139C	REV7
YIL068C	SEC6
YIL065C	FIS1
YIL098C	FMC1
YIL009W	FAA3
YIL044C	AGE2
YIR004W	DJP1
YIL136W	OM45
YIR022W	SEC11
YIL133C	RPL16A
YIL123W	SIM1
YIR001C	SGN1
YIL153W	RRD1
YIR002C	MPH1
YIL134W	FLX1
YIL159W	BNR1
YIL011W	TIR3
YIL110W	HPM1
YIL131C	FKH1
YIL128W	MET18
YIL064W	EFM4
YIL071C	PCI8
YIL147C	SLN1
YIL149C	MLP2
YIL106W	MOB1
YIL005W	EPS1
YIL004C	BET1
YIR033W	MGA2
YIL105C	SLM1
YIL057C	RGI2
YIL017C	VID28
YIL132C	CSM2
YIL070C	MAM33
YIL051C	MMF1
YIL118W	RHO3
YIL097W	FYV10
YIR034C	LYS1
YIL109C	SEC24
YIL084C	SDS3
YIL039W	TED1
YIR003W	AIM21
YIR031C	DAL7
YIL074C	SER33
YIL022W	TIM44
YIL030C	SSM4
YIL140W	AXL2
YIL031W	ULP2
YIL014W	MNT3
YIL137C	TMA108
YIR037W	HYR1
YIL127C	RRT14
YIL143C	SSL2
YIL079C	AIR1
YIR008C	PRI1
YIL040W	APQ12
YIL129C	TAO3
YIL124W	AYR1
YIL042C	PKP1
YIL115C	NUP159
YIL035C	CKA1
YIL176C	PAU14
YIL006W	YIA6
YIL048W	NEO1
YIL066C	RNR3
YIR029W	DAL2
YIL094C	LYS12
YIL103W	DPH1
YIL155C	GUT2
YIL002C	INP51
YIL156W	UBP7
YIR012W	SQT1
YIL112W	HOS4
YIR026C	YVH1
YIR025W	MND2
YIL075C	RPN2
YIL063C	YRB2
YIL018W	RPL2B
YIL085C	KTR7
YIL008W	URM1
YIL076W	SEC28
YIR023W	DAL81
YIL101C	XBP1
YIL120W	QDR1
YIL164C	NIT1
YIL096C	BMT5
YIL160C	POT1
YIL062C	ARC15
YIL151C	ESL1
YIR030C	DCG1
YIL083C	CAB2
YIL019W	FAF1
YIL099W	SGA1
YIL093C	RSM25
YIL135C	VHS2
YIL020C	HIS6
YIL023C	YKE4
YIL037C	PRM2
YIL142W	CCT2
YIR041W	PAU15
YIL034C	CAP2
YIL073C	SPO22
YIL091C	UTP25
YIL078W	THS1
YIL052C	RPL34B
YIR017C	MET28
YIL125W	KGD1
YIL138C	TPM2
YIL130W	ASG1
YIL043C	CBR1
YIR013C	GAT4
YIL049W	DFG10
YIL162W	SUC2
YIL104C	SHQ1
YIR032C	DAL3
YIL007C	NAS2
YIL021W	RPB3
YIL038C	NOT3
YIR011C	STS1
YIL046W	MET30
YIL157C	COA1
YIL121W	QDR2
YIL170W	HXT12
YIR038C	GTT1
YIR027C	DAL1
YIL088C	AVT7
YIR028W	DAL4
YIL173W	VTH1
YIL148W	RPL40A
YIL145C	PAN6
YIR006C	PAN1
YIL013C	PDR11
YIL114C	POR2
YIR007W	EGH1
YIL113W	SDP1
YIL036W	CST6
YIR010W	DSN1
YIL033C	BCY1
YIR009W	MSL1
YIL041W	GVP36
YIL087C	AIM19
YIR036C	IRC24
YIL122W	POG1
YIL090W	ICE2
YIL111W	COX5B
YIL095W	PRK1
YIL009C-A	EST3
YIL061C	SNP1
YIL069C	RPS24B
YIR021W	MRS1
YIL172C	IMA3
YIL072W	HOP1
YIL047C	SYG1
YIL015W	BAR1
YIR005W	IST3
YIL116W	HIS5
YIL003W	CFD1
YCR031C	RPS14A
YCL011C	GBP2
YCL040W	GLK1
YCR052W	RSC6
YCR107W	AAD3
YCL024W	KCC4
YCR060W	TAH1
YCR071C	IMG2
YCR036W	RBK1
YCR063W	BUD31
YCR069W	CPR4
YCR020C-A	MAK31
YCR092C	MSH3
YCR005C	CIT2
YCL034W	LSB5
YCL026C-B	HBN1
YCR020W-B	HTL1
YCR094W	CDC50
YCL028W	RNQ1
YCL029C	BIK1
YCR086W	CSM1
YCR083W	TRX3
YCL039W	GID7
YCL037C	SRO9
YCL004W	PGS1
YCR011C	ADP1
YCL054W-A	RDT1
YCR020C	PET18
YCL057W	PRD1
YCL069W	VBA3
YCL048W	SPS22
YCR002C	CDC10
YCR035C	RRP43
YCR066W	RAD18
YCR032W	BPH1
YCL059C	KRR1
YCR079W	PTC6
YCR021C	HSP30
YCL026C-A	FRM2
YCR104W	PAU3
YCL001W	RER1
YCR054C	CTR86
YCR046C	IMG1
YCR017C	CWH43
YCR097W	HMRA1
YCL009C	ILV6
tP(AGG)C	SUF2
YCR014C	POL4
YCL036W	GFD2
YCL045C	EMC1
YCL005W	LDB16
YCR088W	ABP1
YCR037C	PHO87
YCR077C	PAT1
YCR009C	RVS161
YCR098C	GIT1
YCR073W-A	SOL2
YCR039C	MATALPHA2
YCL032W	STE50
YCR076C	FUB1
YCR053W	THR4
YCL008C	STP22
YCR072C	RSA4
YCR057C	PWP2
YCL044C	MGR1
YCL033C	MXR2
YCL030C	HIS4
YCL035C	GRX1
YCR008W	SAT4
tS(CGA)C	SUP61
YCR091W	KIN82
YCR042C	TAF2
YCL055W	KAR4
YCR003W	MRPL32
YCR089W	FIG2
tG(GCC)C	SUF16
YCL016C	DCC1
YCL031C	RRP7
YCR018C	SRD1
YCL010C	SGF29
YCL018W	LEU2
YCR073C	SSK22
YCR048W	ARE1
YCL005W-A	VMA9
YCR033W	SNT1
YCR019W	MAK32
YCR075W-A	EGO2
YCL058W-A	ADF1
YCL047C	POF1
YCR106W	RDS1
YCR040W	MATALPHA1
YCR045C	RRT12
YCR015C	CTO1
YCR038C	BUD5
YCL063W	VAC17
YCR024C	SLM5
YCR065W	HCM1
YCL052C	PBN1
YCR004C	YCP4
YCR059C	YIH1
tL(CAA)C	SUP53
YCR096C	HMRA2
YCR028C-A	RIM1
YCL064C	CHA1
YCR028C	FEN2
YCR082W	AHC2
YCL061C	MRC1
YCL073C	GEX1
YCR084C	TUP1
YCL066W	HMLALPHA1
YCR095C	OCA4
YCR068W	ATG15
YCL017C	NFS1
YCL058C	FYV5
YCL014W	BUD3
YCL050C	APA1
YCR067C	SED4
YCR047C	BUD23
YCR044C	PER1
YCR026C	NPP1
YCR093W	CDC39
YCR012W	PGK1
YCR075C	ERS1
YCL043C	PDI1
YCL025C	AGP1
YCL067C	HMLALPHA2
YCR010C	ADY2
YCL056C	PEX34
YCR081W	SRB8
YCR030C	SYP1
YCL027W	FUS1
YCL051W	LRE1
YCL038C	ATG22
YCR027C	RHB1
YCL054W	SPB1
YCR105W	ADH7
YCR024C-A	PMP1
YFL026W	STE2
YFR027W	ECO1
YFR052W	RPN12
YFL011W	HXT10
YFR017C	IGD1
YFL018C	LPD1
YFR036W	CDC26
YFR021W	ATG18
YFL034W	MIL1
YFL024C	EPL1
YFL013C	IES1
YFL046W	FMP32
YFR014C	CMK1
YFL056C	AAD6
YFR055W	IRC7
YFR013W	IOC3
YFR049W	YMR31
YFL050C	ALR2
YFR044C	DUG1
tP(UGG)F	SUF9
YFR009W	GCN20
YFL045C	SEC53
YFR034C	PHO4
YFR029W	PTR3
YFL003C	MSH4
YFR041C	ERJ5
YFL059W	SNZ3
YFL062W	COS4
YFR026C	ULI1
YFL014W	HSP12
YFL047W	RGD2
YFR032C-A	RPL29
YFL044C	OTU1
YFR022W	ROG3
YFR047C	BNA6
YFL054C	AQY3
YFR024C-A	LSB3
YFR002W	NIC96
YFL033C	RIM15
YFL021W	GAT1
YFL008W	SMC1
YFR005C	SAD1
YFL022C	FRS2
YFL028C	CAF16
YFR008W	FAR7
YFL002C	SPB4
YFL055W	AGP3
YFL034C-B	MOB2
YFR023W	PES4
YFR001W	LOC1
YFL023W	BUD27
YFL020C	PAU5
tY(GUA)F2	SUP6
YFR031C-A	RPL2A
YFL010C	WWM1
YFL053W	DAK2
YFR030W	MET10
YFR003C	YPI1
YFL039C	ACT1
YFL029C	CAK1
YFL030W	AGX1
YFL058W	THI5
YFL016C	MDJ1
YFR040W	SAP155
YFL041W	FET5
tG(GCC)F1	SUF20
YFL036W	RPO41
YFR053C	HXK1
YFL048C	EMP47
YFR046C	CNN1
YFL037W	TUB2
YFL061W	DDI2
YFL017C	GNA1
YFR012W	DCV1
YFL034C-A	RPL22B
YFR010W	UBP6
YFR020W	CSS2
YFR038W	IRC5
YFL031W	HAC1
YFL017W-A	SMX2
YFL005W	SEC4
YFR019W	FAB1
YFR042W	KEG1
YFR050C	PRE4
YFR007W	YFH7
YFL038C	YPT1
YFR015C	GSY1
YFL060C	SNO3
YFR043C	IRC6
YFL049W	SWP82
YFR028C	CDC14
YFR051C	RET2
YFR032C	RRT5
YFL001W	DEG1
YFR037C	RSC8
YFR025C	HIS2
YFL025C	BST1
YFR033C	QCR6
YFR031C	SMC2
YFL010W-A	AUA1
YFR039C	OSW7
YFL027C	GYP8
YFL007W	BLM10
YFL004W	VTC2
YFR048W	RMD8
tY(GUA)F1	SUP11
YFL009W	CDC4
YFR004W	RPN11
YAL016W	TPD3
YAL003W	EFB1
YAL053W	FLC2
YAL019W	FUN30
YAL024C	LTE1
YAL034W-A	MTW1
YAL018C	LDS1
tL(CAA)A	SUP56
YAL048C	GEM1
YAL025C	MAK16
YAL031C	GIP4
tP(UGG)A	TRN1
tA(UGC)A	TGA1
YAL023C	PMT2
YAL062W	GDH3
YAL026C	DRS2
YAL014C	SYN8
YAR035W	YAT1
YAL010C	MDM10
YAL042W	ERV46
YAL038W	CDC19
YAR003W	SWD1
YAR007C	RFA1
YAL030W	SNC1
YAR027W	UIP3
YAL055W	PEX22
YAL060W	BDH1
YAL017W	PSK1
YAR018C	KIN3
YAL063C	FLO9
YAL046C	BOL3
YAR020C	PAU7
YAR050W	FLO1
YAR019C	CDC15
YAR002W	NUP60
YAL039C	CYC3
YAL022C	FUN26
YAL011W	SWC3
YAL001C	TFC3
YAL056W	GPB2
YAL013W	DEP1
YAR071W	PHO11
YAR033W	MST28
YAL054C	ACS1
YAL067C	SEO1
YAL059W	ECM1
YAL005C	SSA1
YAL035W	FUN12
YAL008W	FUN14
YAL020C	ATS1
YAL032C	PRP45
YAL015C	NTG1
YAL028W	FRT2
YAL009W	SPO7
YAR014C	BUD14
YAL036C	RBG1
YAL002W	VPS8
YAL021C	CCR4
YAL061W	BDH2
YAL034C	FUN19
YAR002C-A	ERP1
YAR008W	SEN34
YAL049C	AIM2
YAL047C	SPC72
YAL029C	MYO4
YAR031W	PRM9
YAL027W	SAW1
YAR073W	IMD1
YAL033W	POP5
YAR015W	ADE1
YAL044W-A	BOL1
YAL041W	CDC24
YAL068C	PAU8
YAR042W	SWH1
YAL051W	OAF1
YAL043C	PTA1
YAL044C	GCV3
YAL058W	CNE1
YAL012W	CYS3
YAL064C-A	TDA8
YAL007C	ERP2
YAL040C	CLN3
Q0065	AI4
Q0080	ATP8
Q0160	SCEI
Q0070	AI5_ALPHA
Q0275	COX3
Q0020	15S_RRNA
Q0140	VAR1
Q0075	AI5_BETA
Q0250	COX2
Q0105	COB
Q0285	RPM1
Q0055	AI2
Q0115	BI3
Q0130	OLI1
Q0110	BI2
Q0120	BI4
Q0050	AI1
Q0085	ATP6
Q0060	AI3
Q0045	COX1
Q0158	21S_RRNA
